HLA_generate,Peptide_generate,binding
YYAEYRNIYAQTDESNLYWTYNLYTWAELAYTWY,SPTKPIMSA,1
YYTKYREISTNTYENTAYIRYDDYTWAVDAYLSY,EISGGAMAVVAVFLNNKLYVANVGT,1
YYAGYREKYRQADVSNLYLWYDSYTWAEWAYTWY,APSQTLDSNPKVFCCTHSLPIEDPQ,1
YYAMYGENMASTYENIAYIVYDSYTWAVLAYLWY,LTM(+15.99)KAALTLEW,1
YFAMYQENVAQTDVDTLYIIYRDYTWAELAYTWY,SSNVQVMLK,1
YFAMYQENMAHTDANTLYIIYRDYTWVARVYRGY,KVDPIGHVY,1
YYAEYRNIYAQTDESNLYWTYNLYTWAELAYTWY,LPARAGPGA,1
YYAEYRNIYAQTDESNLYWTYNLYTWAVLAYTWY,RPRGPTPPA,1
YFAMYGEKVAHTHVDTLYVRYHYYTWAVLAYTWY,HLASFSFSL,1
YHTEYREICAKTDEDTLYLNYHDYTWAVLAYEWY,TYLKLPLAYEF,1
YYAMYRNISTNTYESNLYIRYDSYTWAELAYLWY,HPFATLSVSY,1
YFAMYQENVAQTDVDTLYIIYRDYTWAELAYTWY,SVLSVLTTPK,1
YYAMYGENMASTYENIAYIVYNYYTWAVLAYLWY,FEYPEASQQF,1
YYSEYRNIYAQTDESNLYLSYDYYTWAERAYEWY,PKPRRTFKHAGEEDKDGKPGIGFRK,1
YSAMYQENVAHTDENTLYIIYEHYTWARLAYTWY,GTNLQTVQLFMKRNQTLQNEILGHT,1
YYAMYGENMASTYENIAYIVYDSYTWAVLAYLWY,EFNCDPQYFEF,1
YYAMYRNNVAQTDVDTLYIMYRDYTWAVWAYTWY,TTVNNVYLNK,1
YYAMYRNNVAQTDVDTLYIMYRDYTWAVWAYTWY,TTVQTTKLR,1
YYAMYRNNVAQTDVDTLYIMYRDYTWAVWAYTWY,TTVSGEVLQR,1
YYAMYQENVAQTDVDTLYIIYRDYTWAAQAYRWY,TTVSLLFLK,1
YYAMYRNNVAHTDANTLYIRYQDYTWAEWAYRWY,TTVSRLPFF,1
YYAMYGENMASTYENIAYIVYDSYTWAVLAYLWY,TTWGSTGLRW,1
YFAMYQENVAQTDVDTLYIIYRDYTWAELAYTWY,TTWKSSMEK,1
YYATYGENMASTYENIAYIRYDSYTWAVLAYLWY,TTWPDLETRW,1
YYAMYRNNVAQTDVDTLYIMYRDYTWAVWAYTWY,TTWRNLSLHR,1
YYAMYGENMASTYENIAYIVYNYYTWAVLAYLWY,TTYALPDSHMW,1
YYAMYRNNVAQTDVDTLYIMYRDYTWAVWAYTWY,TTYPAFLHR,1
YYAMYRNNVAQTDVDTLYIIYRDYTWAAQAYRWY,TTYPLGYLK,1
YYAMYRNNVAQTDVDTLYIIYRDYTWAAQAYRWY,TTYPWSTSK,1
YYAMYRNNVAQTDVDTLYIMYRDYTWAVWAYTWY,TTYSRQGLR,1
YYAMYQENVAQTDVDTLYIIYRDYTWAAQAYRWY,TTYYLLTTK,1
YYAMYRNNVAQTDVDTLYIIYRDYTWAELAYTWY,TTYYLLTTK,1
YYAMYRNNVAQTDVDTLYIMYRDYTWAVWAYTWY,TVAAPWSRGR,1
YYAMYRNNVAQTDVDTLYIMYRDYTWAVWAYTWY,TVAEEPNLR,1
YYAMYRNNVAQTDVDTLYIRYHYYTWAVWAYTWY,TVAGVTNQM,1
YYAMYRNKVAQTDVDTLYIRYQDYTWAEWAYTWY,TVAGVTNQM,1
YYSEYRNICTNTDESNLYLWYNFYTWAELAYTWH,TVAQNITSL,1
YYAMYRNNVAQTDVDTLYIMYRDYTWAVWAYTWY,TVASAATVGAAR,1
YFAMYGEKVAHTHVDTLYVRYHYYTWAVLAYTWY,TVDDEAPAV,1
YYAMYRNNVAQTDVDTLYIIYRDYTWAAQAYRWY,TVDGRVVEPK,1
YYAMYRNNVAQTDVDTLYIIYRDYTWAAQAYRWY,TVDSSHPPK,1
YYAMYRNNVAQTDVDTLYIIYRDYTWAAQAYRWY,TVFASLSVK,1
YFAMYQENVAQTDVDTLYIIYRDYTWAVLAYTWY,TVFSVPSAQK,1
YYAMYQENVAQTDVDTLYIIYRDYTWAAQAYRWY,TVGAELLRK,1
YYAMYRNNVAQTDVDTLYIMYRDYTWAVWAYTWY,TVHGPGHGR,1
YYAMYRNNVAQTDVDTLYIMYRDYTWAVWAYTWY,TVHQNVTALK,1
YYAMYREISTNTYESNLYLRYDSYTWAEWAYLWY,TVHSTSIAF,1
YYAMYRNISTNTYESNLYIRYDSYTWAELAYLWY,TVHSTSIAF,1
YYAMYGEKVAHTHVDTLYVRYHYYTWAVLAYTWY,TVIQETTKV,1
YTAMYQENVAHIDVDTLYIMYQDYTWAVLAYTWY,TVKKEMTPR,1
YDSEYRNIFTNTDESNLYLSYNYYTWAVDAYTWY,TVKTKSLM,1
YFAMYQENVAQTDVDTLYIIYRDYTWAELAYTWY,TVLASQSVGK,1
YFAMYQENVAQTDVDTLYIIYRDYTWAELAYTWY,TVLFVQLCK,1
YYAMYRNNVAQTDVDTLYIIYRDYTWAELAYTWY,TVLFVQLCK,1
YYAMYRNNVAQTDVDTLYIMYRDYTWAVWAYTWY,TVLLLQLKR,1
YYAMYRNNVAQTDVDTLYIIYRDYTWAAQAYRWY,TVLNQVLVYK,1
YYAMYQENVAQTDVDTLYIIYRDYTWAAQAYRWY,TVLPALFQK,1
YFAMYQENVAQTDVDTLYIIYRDYTWAELAYTWY,TVLPFQIAK,1
YYAMYQENVAQTDVDTLYIIYRDYTWAAQAYRWY,TVLPFQIAK,1
YYAMYRNNVAQTDVDTLYIIYRDYTWAELAYTWY,TVLPFQIAK,1
YTAMYQENVAHIDVDTLYIMYQDYTWAVLAYTWY,TVLPFQIAKR,1
YFAMYQENVAHTDVDTLYIMYQDYTWAVLAYTWY,TVLPFQIAKR,1
YFAMYQENVAQTDVDTLYIIYRDYTWAELAYTWY,TVLPFQLAK,1
YYAMYRNNVAQTDVDTLYIIYRDYTWAAQAYRWY,TVLSDFHAK,1
YFAMYGEKVAHTHVDTLYVRYHYYTWAVLAYTWY,TVLSLLHSV,1
YYAMYRNNVAQTDVDTLYIMYRDYTWAVWAYTWY,TVMAVGRRR,1
YYAMYRNNVAQTDVDTLYIRYQDYTWAEWAYRWY,TVMAVGRRR,1
YFAMYQENVAQTDVDTLYIIYRDYTWAELAYTWY,TVMKRTFQK,1
YYAMYQENVAQTDVDTLYIIYRDYTWAAQAYRWY,TVNNVYLNK,1
YYAMYRNNVAQTDVDTLYIMYRDYTWAVWAYTWY,TVPRGLHYSR,1
YFAMYQENMAHTDANTLYIIYRDYTWVARVYTWY,TVPSLPSTDSTMKY,1
YYAMYRNNVAQTDVDTLYIMYRDYTWAVWAYTWY,TVQGTPTTAR,1
YFAMYQENVAQTDVDTLYIIYRDYTWAELAYTWY,TVQNSRSLK,1
YFAMYQENVAQTDVDTLYIIYRDYTWAELAYTWY,TVQSALLLK,1
YYSEYRNIYAQTDESNLYLSYDYYTWAERAYEWY,TVRAPLLAL,1
YFAMYQENVAQTDVDTLYIIYRDYTWAELAYTWY,TVRMLLLKK,1
YYAMYRNNVAQTDVDTLYIMYRDYTWAVWAYTWY,TVRPALLPR,1
YFAMYQENVAQTDVDTLYIIYRDYTWAELAYTWY,TVRVGGTEK,1
YFAMYQENVAQTDVDTLYIIYRDYTWAELAYTWY,TVSDPAASGK,1
YYATYRNIFTNTYESNLYIRYDSYTWAVLAYLWY,TVSGVSLTF,1
YYAMYRNNVAQTDVDTLYIIYRDYTWAAQAYRWY,TVSGYYWWK,1
YYAMYRNNVAQTDVDTLYIIYRDYTWAAQAYRWY,TVSLPLPPK,1
YYAMYRNNVAQTDVDTLYIMYRDYTWAVWAYTWY,TVSPLNLFC(+57.02)K,1
YYATYRNIFTNTYESNLYIRYDSYTWAVLAYLWY,TVSPMTNEM,1
YYAMYRNNVAQTDVDTLYIMYRDYTWAVWAYTWY,TVSSGC(+57.02)ARR,1
YFAMYQENVAHTDESIAYIMYQDYTWAVLAYTWY,TVSSLPLTL,1
YYAMYRNNVAQTDVDTLYIMYRDYTWAVWAYTWY,TVSSTPTAR,1
YYAMYRNKVAQTDVDTLYIRYQDYTWAEWAYTWY,TVTAQVTVR,1
YYAMYRNNVAQTDVDTLYIRYQDYTWAEWAYRWY,TVTAQVTVR,1
YYAMYRNNVAQTDVDTLYIMYRDYTWAVWAYTWY,TVTDPSTPR,1
YYAMYRNKVAQTDVDTLYIRYQDYTWAEWAYTWY,TVTDPSTPR,1
YYAMYRNNVAQTDVDTLYIIYRDYTWAELAYTWY,TVTDPSTPR,1
YYATYGENMASTYENIAYIRYDSYTWAVLAYLWY,TVTKTAWYW,1
YYAMYRNNVAQTDVDTLYIMYRDYTWAVWAYTWY,TVVAVVETR,1
YYAMYRNNVAQTDVDTLYIIYRDYTWAAQAYRWY,TVVLFPYNR,1
YYATYRNIFTNTYESNLYIRYDSYTWAVLAYLWY,TVVLGLLVY,1
YYAMYRNNVAQTDVDTLYIIYRDYTWAAQAYRWY,TVVPPLPSLLK,1
YYAMYRNNVAQTDVDTLYIMYRDYTWAVWAYTWY,TVVSRHVPVQR,1
YFAMYQENVAHTDVDTLYIMYQDYTWAVLAYTWY,TVVSRHVPVQR,1
YYAMYRNNVAQTDVDTLYIMYRDYTWAVWAYTWY,TVWDEAEVGTGR,1
YFAMYQENVAHTDESIAYIMYQDYTWAVQAYTWY,TVWHLLLSF,1
YFAMYQENVAQTDVDTLYIIYRDYTWAELAYTWY,TVYPFPFSR,1
YSAMYEEKVAHTDENIAYLMFHYYTWAVQAYTGY,TWDHFTTDF,1
YSAMYEEKVAHTDENIAYLMFHYYTWAVQAYTGY,TWLPKRLTL,1
YYAGYREKYRQTDVSNLYLWYDSYTWAAQAYTWY,TWSYRSWSF,1
YSAGYREKYRQTDVSNLYLWFDSYTWAERAYTWY,TYFTSWWSH,1
YSAMYEEKVAHTDENIAYLMFHYYTWAVQAYTGY,TYLDSSYGHLF,1
YSAMYEEKVAHTDENIAYLMFHYYTWAVQAYTGY,TYLEASKKLKF,1
YSAMYEEKVAHTDENIAYLMFHYYTWAVQAYTGY,TYLESSVRL,1
YSAMYEEKVAHTDENIAYLMFHYYTWAVQAYTGY,TYLLSGKKAF,1
YSAMYEEKVAHTDENIAYLMFHYYTWAVLAYTGY,TYLNFFHISTF,1
YSAMYEEKVAHTDENIAYLMFHYYTWAVQAYTGY,TYLNFFHISTF,1
YSAMYEEKVAQTDENIAYLMFHYYTWAVQAYTGY,TYLNFPVLI,1
YTAMYRNNVAHIDVDTLYIMYQDYTWAVLAYTWH,TYLNTYYTR,1
YTAMYRNNVAHIDVDTLYIMYQDYTWAVLAYTWY,TYLNTYYTR,1
YSAMYEEKVAHTDENIAYLMFHYYTWAVQAYTGY,TYLSLLHSL,1
YSAMYEEKVAHTDENIAYLMFHYYTWAVLAYTGY,TYPEISPLL,1
YSAMYEEKVAHTDENIAYLMFHYYTWAVQAYTGY,TYPEISPLL,1
YSAMYEEKVAHTDENIAYLMFHYYTWAVQAYTGY,TYPEISPLLW,1
YSAMYEEKVAHTDENIAYLMFHYYTWAVQAYTGY,TYQDLQNTL,1
YSAMYEEKVAHTDENIAYLMFHYYTWAVQAYTGY,TYQLGFNSF,1
YTAMYQENVAHIDVDTLYIMYQDYTWAVLAYTWY,TYQQPFSNR,1
YTAMYRNNVAHIDVDTLYIMYQDYTWAVLAYTWH,TYQQPFSNR,1
YTAMYRNNVAHIDVDTLYIMYQDYTWAVLAYTWY,TYQQPFSNR,1
YTAMYLQNVAQTDESIAYIMYRDYTWAVLAYTWY,TYTPKLYLY,1
YSAMYEEKVAHTDENIAYLMFHYYTWAVQAYTGY,TYTQNFNKF,1
YSAMYEEKVAHTDENIAYLMFHYYTWAVLAYTGY,TYYLLTTKF,1
YSAGYREKYRQTDVSNLYLWFDSYTWAERAYTWY,TYYVSGMSL,1
YYAMYRNNVAQTDVDTLYIMYRDYTWAVWAYTWY,VAAAAVAAR,1
YTAMYRNNVAHIDVDTLYIMYQDYTWAVLAYTWH,VAAARRQAQLR,1
YYAEYRNIYAQTDESNLYWTYNLYTWAELAYTWY,VAAASGPAV,1
YYAMYRNNVAQTDVDTLYIMYRDYTWAVWAYTWY,VAAAVAARR,1
YYAGYREKYRQADVSNLYLWYDSYTWAEWAYTWY,VAAFAAANGAV,1
YYAMYRNNVAQTDVDTLYIIYRDYTWAAQAYRWY,VAAGPVTEK,1
YYAGYREKYRQTDVNKLYLRYDSYTWAEWAYEWY,VAAGTEWRL,1
YYAGYREKYRQTDVSNLYIRYDYYTWAELAYLWY,VAALRSLSL,1
YYAGYREKYRQTDVSNLYLWYDSYTWAAQAYTWY,VAALRSLSL,1
YYAGYREKYRQTDVSNLYLRYDSYTWAELAYLWY,VAAPGLAEI,1
YYATYRNIFTNTYESNLYIRYDSYTWAVLAYLWY,VAAPLLSAY,1
YDSEYRNIFTNTDESNLYLSYNYYTWAVDAYTWY,VAAPQPRSL,1
YYAGYREKYRQTDVSNLYIRYDYYTWAELAYLWY,VAAPQPRSL,1
YDSGYREKYRQADVNKLYLWYDSYTWAEWAYTWY,VAAPQPRSL,1
YYAGYREKYRQTDVSNLYLWYDSYTWAAQAYTWY,VAAPQPRSL,1
YYATYGENMASTYENIAYIRYDSYTWAVLAYLWY,VAAPSSLW,1
YTAMYRNNVAHIDVDTLYIMYQDYTWAVLAYTWH,VAAPTEARAPR,1
YYAMYRNNVAQTDVDTLYIMYRDYTWAVWAYTWY,VAAQAEEMR,1
YYAMYRNNVAQTDVDTLYIMYRDYTWAVWAYTWY,VAARPAGAR,1
YFAMYQENVAQTDVDTLYIIYRDYTWAELAYTWY,VAASPLQGK,1
YYAGYREKYRQTDVSNLYLRYNFYTWATLAYTWY,VADGGELVL,1
YYAGYREKYRQTDVSNLYLRYNFYTWAERAYTWY,VADGGELVL,1
YYAMYGENMASTYENIAYIVYNYYTWAVLAYLWY,VAFENRNQETW,1
YYAMYGENMASTYENIAYIVYNYYTWAVLAYLWY,VAFGFPRVF,1
YYAGYREKYRQADVSNLYLWYDSYTWAEWAYTWY,VAFGFPRVF,1
YYAGYREKYRQTDVSNLYLWYDSYTWAAQAYTWY,VAFGFPRVF,1
YYAMYGENMASTYENIAYIVYNYYTWAVLAYLWY,VAFPSTSKAW,1
YYAGYREKYRQTDVSNLYLWYDSYTWAAQAYTWY,VAFVRSWKY,1
YYAGYREKYRQADVSNLYLRYDSYTWAEWAYTWY,VAGPAGAV,1
YYAGYREKYRQADVSNLYLWYDSYTWAEWAYTWY,VAKTPWPSL,1
YYATYGENMASTYENIAYIRYDSYTWAVLAYLWY,VALPPLDKW,1
YTAMYQENVAHIDVDTLYIMYQDYTWAVLAYTWY,VALSFNTLYHR,1
YYAMYGENMASTYENIAYIVYDSYTWAVLAYLWY,VALWPNERYW,1
YFSGYREKYRQTDVSNLYLWCDYYTWAERAYTWY,VAM(+15.99)LPGLAL,1
YYAMYQENVAQTDVDTLYIIYRDYTWAAQAYRWY,VAMEAAPSK,1
YYSGYREKYRQTDVSNLYLRYNFYTWATLAYTWY,VANDRLFSL,1
YFSGYREKYRQTDVSNLYLWCDYYTWAVRAYTWY,VAPRGAGEL,1
YYAGYREKYRQADVNKLYIRYNFYSLAELAYEWY,VAQPVYL,1
YYAEYRNIYAQTDESNLYWTYNLYTWAELAYTWY,VARPPAVAA,1
YYATYRNIFTNTYESNLYIRYDSYTWAVLAYLWY,VASPTSSSF,1
YYAMYQENVAQTDVDTLYIIYRDYTWAAQAYRWY,VASPVTLGK,1
YDSGYREKYRQADVSNLYFRYDFYTLAADAYTWY,VASQVAVTL,1
YYAGYREKYRQTDVSNLYLWYDSYTWAAQAYTWY,VASSWRMFF,1
YYATYGENMASTYENIAYIRYDSYTWAVLAYLWY,VAVRTTDVSKW,1
YYAGYREKYRQTDVSNLYLRYDSYTWAELAYLWY,VAVTRALVF,1
YYAGYREKYRQTDVSNLYIRYDYYTWAELAYLWY,VAVTRALVF,1
YFAMYQENVAQTDVDTLYIIYRDYTWAELAYTWY,VAWPFSFPK,1
YYAGYREKYRQADVNKLYIRYNFYSLAELAYEWY,VAYGKEVSL,1
YYAMYGENMASTYENIAYIVYDSYTWAVLAYLWY,VCFWNVRSW,1
YYAMYGENMASTYENIAYIVYDSYTWAVLAYLWY,VCVLNNTTAITEAWAR,1
YHSTYREISTNTYEDTLYIRSNFYTWAVDAYTWY,VDHLKELGF,1
YYAMYQENVAQTDVDTLYIIYRDYTWAAQAYRWY,VEAADAKPL,1
YFAMYQENMAHTDANTLYIIYRDYTWVARVYTWY,VEAADAKPL,1
YYTMYREISTNTYENTAYIRYNLYTWAVLAYEWY,VEAALAVGV,1
YHTKYREISTNTYESKLYWRYNYYTWAVDAYTWY,VEAEHLRPV,1
YHTKYREISTNTYENIAYWRYNLYTWAELAYLWY,VEAEHLRPV,1
YYTKYREISTNTYENTAYIRYDDYTWAVDAYLSY,VEAPHLPSF,1
YHTKYREISTNTYESNLYLRYNYYSLAVLAYEWY,VEAPTHSSTL,1
YYTKYREISTNTYENTAYIRYDDYTWAVDAYLSY,VEDPAEARDW,1
YYTKYREISTNTYENTAYIRYDDYTWAVDAYLSY,VEDPGLGELRTW,1
YHTKYREISTNTYESNLYLRYNYYSLAVLAYEWY,VEEAVVLRGL,1
YYAMYQENVAQTDVDTLYIIYRDYTWAAQAYRWY,VEGLFPGAGKAK,1
YHTKYREISTNTYENIAYWRYNLYTWAELAYLWY,VEHAALIQI,1
YHTKYREISTNTYESNLYLRYNYYSLAVLAYEWY,VEKPGGGEVL,1
YHTKYREISTNTYESNLYLSYNYYTWAVLAYEWY,VEKPSVANPTL,1
YHTKYREISTNTYESNLYLRYNYYSLAVLAYEWY,VELAESRAL,1
YHTKYREISTNTYESKLYWRYNYYTWAVDAYTWY,VELKTRVAA,1
YHTKYREISTNTYESKLYWRYNYYTWAVDAYTWY,VEM(+15.99)PPLKAP,1
YYTKYREISTNTYENTAYIRYDDYTWAVLAYLSY,VESETKKHYY,1
YHTKYREISTNTYESNLYLRYNYYSLAVLAYEWY,VEVDLGQLLL,1
YYTMYREISTNTYENTAYWTYNLYTWAVLAYEWY,VEVKLKLQV,1
YHTKYREISTNTYENIAYWRYNLYTWAELAYLWY,VEWVLKNV,1
YSAMYEEKVAHTDENIAYLMFHYYTWAVQAYTGY,VFAPSPPPF,1
YSAGYREKYRQADVNKLYLRFNFYTWAERAYTWY,VFDFTTLDL,1
YSAGYREKYRQTDVSNLYLWFDSYTWAERAYTWY,VFFQGTNLPF,1
YYAMYQENVAQTDVDTLYIIYRDYTWAAQAYRWY,VFIEDVSK,1
YSAGYREKYRQTDVSNLYLWFDSYTWAERAYTWY,VFIHPAASY,1
YSAMYEEKVAHTDENIAYLMFHYYTWAVQAYTGY,VFIHPAASYYF,1
YSAMYEEKVAHTDENIAYLMFHYYTWAVQAYTGY,VFKPQAVKF,1
YTAMYQENVAHIDVDTLYIMYQDYTWAVLAYTWY,VFLALKKNR,1
YSAMYEEKVAHTDENIAYLMFHYYTWAVLAYTGY,VFLHHMLTL,1
YSAMYEEKVAHTDENIAYLMFHYYTWAVQAYTGY,VFLHPAASYYF,1
YSAMYEEKVAHTDENIAYLMFHYYTWAVQAYTGY,VFLKAGASF,1
YSAMYEEKVAQTDENIAYLMFHYYTWAVQAYTGY,VFLKAGASF,1
YSAGYREKYRQTDVSNLYLWFDSYTWAERAYTWY,VFLKAGASF,1
YSAMYEEKVAHTDENIAYLMFHYYTWAVQAYTGY,VFLKFSRRF,1
YSAMYEEKVAHTDENIAYLMFHYYTWAVQAYTGY,VFLPPVPQL,1
YSAGYREKYRQTDVSNLYLWFDSYTWAERAYTWY,VFPKLAQSF,1
YSAGYREKYRQTDVSNLYLWFDSYTWAERAYTWY,VFQSPRLAL,1
YSAGYREKYRQADVNKLYLRFNFYTWAERAYTWY,VFTEVVFI,1
YSAMYQENVAHTDENTLYIIYEHYTWARLAYTWY,VGARDAPACFLHGWSPSTAGP,1
YYAGYREKYRQADVNKLYLRFNFYTWAERAYTWY,VGDLSSVPTETTYHTLEEGV,1
YYAGYREKYRQADVNKLYLRFNFYTWAERAYTWY,VGIDPGGFSGPQEHWQRGIP,1
YDSEYRNIFTNTDESNLYLSYNYYTWAVDAYTWY,VGKLKSRL,1
YYATYGENMASTYENIAYIRYDSYTWAVLAYLWY,VGLSDWNRLW,1
YYAGYRENYRQTDVNKLYIRYDLYTWAELAYTWY,VGNNVILHV,1
YYAGYREKYRQADVSNLYLRYDSYTWAEWAYTWY,VGYPLVVVM(+15.99),1
YYSEYRNICTNTDENIAYLRYNFYTWAVLTYTWY,VHDASDLLW,1
YYSEYRNICTNTYENIAYLRYNFYTWAVLTYTWY,VHFDSAVGEFL,1
YYSEYRNICTNTDESNLYLRYNFYTWAVLTYTWY,VHLESGARL,1
YYSEYRNICTNTYESNLYLRYDYYTWAELAYLWY,VHSPPLASA,1
YYSEYREISTNTYESNLYLRYDSYTWAELAYLWY,VHSPPLPPF,1
YYSEYRNICTNTYESNLYLRYDYYTWAELAYLWY,VHSPPLPPF,1
YYSEYRNICTNTYENIAYLRYNFYTWAVLTYTWY,VHSPPLPPF,1
YYSEYRNICTNTYENTAYLRYNFYTWAVLTYTWY,VHSPPLPPF,1
YYSEYRNICTNTYENIAYLRYNFYTWAVLTYTWY,VHTTTLLYL,1
YFAMYQENVAQTDVDTLYIIYRDYTWAELAYTWY,VICLPWPPK,1
YFAMYQENVAQTDVDTLYIIYRDYTWAELAYTWY,VICPPRLPK,1
YFAMYQENVAQTDVDTLYIIYRDYTWAELAYTWY,VICPPWPPK,1
YFAMYGEKVAHTHVDTLYVRCHYYTWAVLAYTWY,VIDMYRVL,1
YFAMYQENVAQTDVDTLYIIYRDYTWAELAYTWY,VIFLGAGPK,1
YYAGYREKYRQTDVSNLYIRYDYYTWAELAYLWY,VIHVSRPL,1
YFAMYQENVAQTDVDTLYIIYRDYTWAELAYTWY,VIIAALFFK,1
YYAMYQENVAQTDVDTLYIIYRDYTWAAQAYRWY,VIIAALFFK,1
YYAGYREKYRQTDVSNLYIRYDYYTWAELAYLWY,VIIETISLL,1
YYAMYQENVAQTDVDTLYIIYRDYTWAAQAYRWY,VIIKWQFSK,1
YFAMYQENVAHTDVDTLYIMYQDYTWAVLAYTWY,VIIKWQFSK,1
YFAMYGEKVAHTHVDTLYVRYHYYTWAEWAYTWY,VIIRQLNGV,1
YFAMYQENVAQTDVDTLYIIYRDYTWAELAYTWY,VILLPLPPK,1
YFAMYQENVAQTDVDTLYIIYRDYTWAELAYTWY,VILLPQSPK,1
YYAMYREKYRQTDVSNLYLRYDSYTWAEWAYLWY,VIPAFERTPF,1
YYAGYREKYRQTDVSNLYLRYDSYTWAELAYLWY,VIPAFERTPF,1
YDSGYREKYRQADVNKLYLWYDSYTWAEWAYTWY,VIPAFERTPF,1
YDSGYRENYRQADVSNLYLRYDSYTLAALAYTWY,VIPAFERTPF,1
YYAGYREKYRQADVSNLYLRYDSYTWAEWAYTWY,VIPAFERTPF,1
YYAGYREKYRQADVSNLYLWYDSYTWAEWAYTWY,VIPAFERTPF,1
YSAGYREKYRQTDVSNLYLWFDSYTWAERAYTWY,VIPAFERTPF,1
YFAMYQENVAQTDVDTLYIIYRDYTWAELAYTWY,VISKVISLK,1
YFAMYQENVAQTDVDTLYIIYRDYTWAELAYTWY,VISPPRPPK,1
YFAMYQENVAQTDVDTLYIIYRDYTWAELAYTWY,VISRAISVK,1
YYAMYQENVAQTDVDTLYIIYRDYTWAAQAYRWY,VISRAISVK,1
YFAMYGEKVAHTHVDTLYVRYHYYTWAVLAYTWY,VLAELGVRL,1
YFAMYQENVAQTDVDTLYIIYRDYTWAELAYTWY,VLAGTVLFK,1
YFAMYGEKVAHTHVDTLYVRYHYYTWAVLAYTWY,VLAGVVSVV,1
YDSEYRNIFTNTDESNLYLSYNYYTWAVDAYTWY,VLAKRLVAF,1
YFAMYGEKVAHTHVDTLYVRCHYYTWAVLAYTWY,VLALELPQL,1
YYAMYRNNVAQTDVDTLYIIYRDYTWAAQAYRWY,VLALPPFLK,1
YFAMYQENVAQTDVDTLYIIYRDYTWAELAYTWY,VLASARNLK,1
YFAMYGEKVAHTHVDTLYVRCHYYTWAVLAYTWY,VLDDLYVLL,1
YFAMYGEKVAHTHVDTLYVRCHYYTWAVLAYTWY,VLDESLDLDF,1
YFAMYGEKVAHTHVDTLYVRCHYYTWAVLAYTWY,VLDEVVKPNL,1
YFAMYGEKVAHTHVDTLYVRYHYYTWAVLAYTWY,VLDHGLQAL,1
YSAGYREKYRQADVNKLYLRFNFYTWAERAYTWY,VLDPWVVLM,1
YFAMYGEKVAHTHVDTLYVRCHYYTWAVLAYTWY,VLDPWVVLM(+15.99),1
YYAMYQENVAQTDVDTLYIIYRDYTWAAQAYRWY,VLDTPHHSK,1
YFAMYQENMAHTDANTLYIIYRDYTWVARVYRGY,VLDVELLAY,1
YFAMYGEKVAHTHVDTLYVRYHYYTWAVLAYTWY,VLEVHVPQV,1
YFAMYQENVAQTDVDTLYIIYRDYTWAVLAYTWY,VLFKKFLQK,1
YFAMYQENVAQTDVDTLYIIYRDYTWAELAYTWY,VLFLHQPPK,1
YDSGYRENYRQADVSNLYLRYDSYTLAALAYTWY,VLFLKLELL,1
YFAMYQENVAQTDVDTLYIIYRDYTWAELAYTWY,VLFLPQLTK,1
YFAMYQENVAQTDVDTLYIIYRDYTWAELAYTWY,VLFLPQSLK,1
YFAMYQENVAQTDVDTLYIIYRDYTWAELAYTWY,VLFPYHPLK,1
YFAMYGEKVAHTHVDTLYLRYHYYTWAVWAYTWY,VLFSQQKHYL,1
YFAMYQENVAQTDVDTLYIIYRDYTWAELAYTWY,VLFWPLSNK,1
YSAMYEEKVAHTDENIAYLMFHYYTWAVQAYTGY,VLGPPTPTF,1
YFAMYQENVAQTDVDTLYIIYRDYTWAELAYTWY,VLGPVFVDK,1
YFAMYQENVAQTDVDTLYIIYRDYTWAELAYTWY,VLHQSKARK,1
YFAMYGEKVAHTHVDTLYVRYHYYTWAVLAYTWY,VLHTAQHSV,1
YFAMYGEKVAHTHVDTLYVRYHYYTWAEWAYTWY,VLISLPGKV,1
YFAMYGEKVAHTHVDTLYLRYHYYTWAVWAYTWY,VLKDGVENL,1
YFAMYQENVAQTDVDTLYIIYRDYTWAELAYTWY,VLKPEAWSRK,1
YYAMYQENVAQTDVDTLYIIYRDYTWAAQAYRWY,VLKPEAWSRK,1
YYAMYQENVAQTDVDTLYIIYRDYTWAAQAYRWY,VLKPGAWSRK,1
YDSEYRNIFTNTDESNLYLSYNYYTWAVDAYTWY,VLKQKTKAM,1
YDSEYRNIFTNTDESNLYLSYNYYTWAVDAYTWY,VLKQKTKAM(+15.99),1
YDSEYRNIFTNTDESNLYLSYNYYTWAVDAYTWY,VLKRARQSL,1
YFAMYQENVAQTDVDTLYIIYRDYTWAELAYTWY,VLKSVGAKK,1
YFAMYGEKVAHTHVDTLYVRYHYYTWAVLAYTWY,VLLDGPLPSA,1
YFAMYGEKVAHTHVDTLYVMYHYYTWAVLAYTWY,VLLHGLFTL,1
YFAMYQENVAQTDVDTLYIIYRDYTWAVLAYTWY,VLLLPLSSK,1
YFAMYQENVAQTDVDTLYIIYRDYTWAVLAYTWY,VLLLPPLPK,1
YFAMYQENVAQTDVDTLYIIYRDYTWAVLAYTWY,VLLNLQLYR,1
YFAMYGEKVAHTHVDTLYVRYHYYTWAVLAYTWY,VLLPKPPKV,1
YFAMYQENVAQTDVDTLYIIYRDYTWAELAYTWY,VLLPLWVIQPK,1
YFAMYQENVAQTDVDTLYIIYRDYTWAVLAYTWY,VLLPQLLHR,1
YFAMYGEKVAHTHVDTLYVRYHYYTWAVLAYTWY,VLLPQTPSL,1
YFAMYQENVAQTDVDTLYIIYRDYTWAELAYTWY,VLLPRTFWTRK,1
YFAMYGEKVAHTHVDTLYVRYHYYTWAVLAYTWY,VLLSQQWKL,1
YFAMYQENVAHTDVDTLYIMYQDYTWAVLAYTWY,VLLSVLGSERER,1
YYAMYQENVAQTDVDTLYIIYRDYTWAAQAYRWY,VLMEVTLEGK,1
YFAMYQENVAQTDVDTLYIIYRDYTWAELAYTWY,VLNALLSTK,1
YYAMYRNNVAQTDVDTLYIIYRDYTWAAQAYRWY,VLNQVLVYK,1
YFAMYGEKVAHTHVDTLYVRYHYYTWAVLAYTWY,VLPDQHLVTTV,1
YYAMYGEKVAHTHVDTLYLRYHYYTWAVWAYTWY,VLPDQHLVTTV,1
YFAMYGEKVAHTHVDTLYVRCHYYTWAVLAYTWY,VLPDQHLVTTV,1
YFSGYREKYRQTDVSNLYLWCDYYTWAERAYTWY,VLPDVPGVT,1
YFSGYREKYRQTDVSNLYLWCDYYTWAERAYTWY,VLPERNVPSL,1
YSAMYEENTAHTDMNTLYLWIEYYSCAVRAYTWY,VLPRFGVNL,1
YYAMYQENVAQTDVDTLYIIYRDYTWAAQAYRWY,VLQAHTFLK,1
YFAMYQENVAQTDVDTLYIIYRDYTWAELAYTWY,VLQDSANSLK,1
YYAMYQENVAQTDVDTLYIIYRDYTWAAQAYRWY,VLQDSLVEK,1
YFAMYQENVAQTDVDTLYIIYRDYTWAELAYTWY,VLQGKSVGK,1
YTAMYQENVAHIDVDTLYIMYQDYTWAVLAYTWY,VLQPLGSRHQR,1
YFAMYQENVAHTDVDTLYIMYQDYTWAVLAYTWY,VLQPLGSRHQR,1
YFSGYREKYRQTDVSNLYLWCDYYTWAERAYTWY,VLQQKQHSL,1
YDSEYRNIFTNTDESNLYLSYNYYTWAVDAYTWY,VLQTKTLVL,1
YFAMYQENVAQTDVDTLYIIYRDYTWAELAYTWY,VLQWQKTAHK,1
YFAMYQENVAQTDVDTLYIIYRDYTWAELAYTWY,VLRGGGGSPR,1
YFAMYQENVAHTDVDTLYIMYQDYTWAVLAYTWY,VLRGGMSAR,1
YYAMYREISTNTYESNLYLRYDSYTWAEWAYLWY,VLRSSGTSQAY,1
YYAMYQENVAQTDVDTLYIIYRDYTWAAQAYRWY,VLSLGPKNMQAPI,1
YFAMYQENMAHTDANTLYIIYRDYTWVARVYTWY,VLSLGPKNMQAPI,1
YFAMYQENVAQTDVDTLYIIYRDYTWAELAYTWY,VLSPPLSPK,1
YFAMYQENVAQTDVDTLYIIYRDYTWAELAYTWY,VLSRALSVK,1
YFAMYQENVAHTDESIAYIMYQDYTWAVQAYTWY,VLSSFTHVF,1
YFAMYQENVAQTDVDTLYIIYRDYTWAELAYTWY,VLSTLLDFK,1
YYAMYREISTNTYESNLYLRYDSYTWAEWAYLWY,VLSTPSTTF,1
YFAMYQENVAQTDVDTLYIIYRDYTWAELAYTWY,VLSTVVLQK,1
YFAMYQENVAQTDVDTLYIIYRDYTWAELAYTWY,VLTATPAQK,1
YFAMYGEKVAHTHVDTLYVRYHYYTWAVLAYTWY,VLWDLRPSSLI,1
YFAMYGEKVAHIDVDTLYVRYHYYTWAVLAYTWY,VLWDLRPSSLI,1
YFAMYQENVAHTDESIAYIMYQDYTWAVLAYTWY,VLWGHRFTF,1
YDSEYRNIFTNTDESNLYLSYNYYTWAVDAYTWY,VLWLRPKSL,1
YFAMYQENVAQTDVDTLYIIYRDYTWAVLAYTWY,VLYEGLESK,1
YFAMYQENVAHTDESIAYIMYQDYTWAVQAYTWY,VLYLRQVGY,1
YYAGYREKYRQADVSNLYLWYDSYTWAEWAYTWY,VLYLRQVGY,1
YYAGYREKYRQTDVSNLYLWYDSYTWAAQAYTWY,VLYLRQVGY,1
YFAMYQENVAQTDVDTLYIIYRDYTWAVLAYTWY,VLYSSPVNR,1
YFAMYQENVAQTDVDTLYIIYRDYTWAELAYTWY,VLYTGLSLYK,1
YFAMYQENVAQTDVDTLYIIYRDYTWAELAYTWY,VLYTSALNASK,1
YFAMYQENVAQTDVDTLYIIYRDYTWAELAYTWY,VLYWMLVRK,1
YFAMYQENVAHTDESIAYIMYQDYTWAVLAYTWY,VM(+15.99)AGTRLVW,1
YFAMYGEKVAHTHVDTLYVRYHYYTWAVLAYTWY,VM(+15.99)APRSLLL,1
YFAMYQENVAQTDVDTLYIIYRDYTWAELAYTWY,VM(+15.99)YLNPYLNK,1
YFAMYQENVAHTDESIAYIMYQDYTWAVLAYTWY,VMAGTRIVW,1
YTAMYLQNVAQTDANTLYIMYRDYTWAVLAYTWY,VMFDPHFSRTVY,1
YYATYGENMASTYENIAYIRYDSYTWAVLAYLWY,VMFPWKLQQW,1
YFAMYGEKVAHTHVDTLYVRYHYYTWAEWAYTWY,VMIGTQILTL,1
YTAMYLQNVAQTDANTLYIMYRDYTWAVLAYTWY,VMKEKLLF,1
YDSEYRNIFTNTDESNLYLSYNYYTWAVDAYTWY,VNYRHLAL,1
YYAEYRNIYAQTDESNLYWTYNLYTWAELAYTWY,VPAAAAAPA,1
YYAEYRNIYAQTDESNLYWTYNLYTWAELAYTWY,VPAAATRAS,1
YYSEYRNIYAQTDESNLYLSYNYYTWAVDAYTWY,VPAADLPLRTL,1
YYSEYRNIYAQTDESNLYLSYDYYTWAERAYEWY,VPAALHSFL,1
YYSEYRNIYAQTDESNLYLSYDYYTWAERAYEWY,VPAAPLPSL,1
YYSEYRNIYAQTDESNLYLSYDYYTWAERAYEWY,VPAAVVLPV,1
YYAEYRNIYAQTDESNLYWTYNLYTWAELAYTWY,VPAESAGRAA,1
YYSEYRNIYAQTDESNLYLSYDYYTWAERAYEWY,VPALHARQL,1
YYSEYRNIYAQTDESNLYLSYDYYTWAERAYEWY,VPALPVLVL,1
YYSEYRNIYAQTDESNLYLSYDYYTWAERAYEWY,VPAPPGRPL,1
YYAMYRNKVAQTDVDTLYIRYQDYTWAEWAYTWY,VPAPPSLTR,1
YYATYRNIFTNTYESNLYIRYDFYTWAVLAYLWY,VPAPPTQAL,1
YYAEYRNIYAQTDESNLYWTYNLYTWAELAYTWY,VPARGSSAA,1
YYSEYRNIYAQTDESNLYLSYDYYTWAERAYEWY,VPASPARSL,1
YYSEYRNIYAQTDESNLYLSYDYYTWAERAYEWY,VPATRSATL,1
YYATYRNIFTNTYENIAYWTYNYYTWAELAYLWH,VPEAGALVL,1
YYSEYRNIYAQTDESNLYLSYDYYTWAERAYEWY,VPEQRRPSL,1
YYATYRNIFTNTYESNLYIRYDSYTWAVLAYLWY,VPFLQQESY,1
YYATYRNIFTNTYESNLYIRYDSYTWAVLAYLWY,VPFPGALTPF,1
YYAEYRNIYAQTDESNLYWTYNLYTWAELAYTWY,VPGAARATSA,1
YYSEYRNIYAQTDESNLYLSYDYYTWAERAYEWY,VPGAERAVL,1
YYSEYRNIYAQTDESNLYLSYDYYTWAERAYEWY,VPGPRPGSL,1
YYSEYRNIYAQTDESNLYLSYDYYTWAERAYEWY,VPGSPQGSL,1
YYAEYRNIYAQTDESNLYWTYNLYTWAELAYTWY,VPHHLLSSV,1
YYSEYRNIYAQTDESNLYLSYDYYTWAERAYEWY,VPHQGTPTL,1
YYSEYRNIYAQTDESNLYLSYDYYTWAERAYEWY,VPHQPAPPF,1
YYSEYRNIYAQTDESNLYLSYDYYTWAERAYEWY,VPHRSSGHSL,1
YDSEYRNIFTNTDESNLYLSYNYYTWAVDAYTWY,VPHTRPVSL,1
YYSEYRNIYAQTDESNLYLSYDYYTWAERAYEWY,VPHTRPVSL,1
YYSEYRNIYAQTDESNLYLSYNYYTWAVDAYTWY,VPHTRPVSL,1
YYSEYRNIYAQTDESNLYLSYNYYTWAVDAYTWY,VPIELFRPL,1
YYSEYRNIYAQTDESNLYLSYDYYTWAERAYEWY,VPKELHLSV,1
YYSEYRNIYAQTDESNLYLSYNYYTWAVDAYTWY,VPKFASARNTF,1
YYSEYRNIYAQTDESNLYLSYNYYTWAVDAYTWY,VPLAPGKTL,1
YYAEYRNIYAQTDESNLYWTYNLYTWAELAYTWY,VPLEFPVVA,1
YYAGYRNIYAQTDESNLYWTYNLYTWAVLAYTWY,VPLEFPVVA,1
YYAEYRNIYAQTDESNLYWTYNLYTWAVLAYTWY,VPLEFPVVA,1
YYAEYRNIYAQTDESNLYWTYNLYTWAVLAYLWY,VPLEFPVVA,1
YYSEYRNIYAQTDESNLYLSYDYYTWAERAYEWY,VPLELFRPL,1
YYAEYRNIYAQTDESNLYWTYNLYTWAELAYTWY,VPLGRGEAAAA,1
YFAMYGEKVAHTHVDTLYVRYHYYTWAVLAYTWY,VPLITILVP,1
YYATYRNIFTNTYESNLYIRYDFYTWAVLAYLWY,VPLKRDSQL,1
YYAGYRNIYAQTDESNLYWTYNLYTWAVLAYTWY,VPLLLLVTA,1
YYSEYRNIYAQTDESNLYLSYDYYTWAERAYEWY,VPLLTPLLL,1
YYSEYRNIYAQTDESNLYLSYDYYTWAERAYEWY,VPLPLATPL,1
YYATYRNIFTNTYENIAYWTYNYYTWAELAYLWH,VPLPRIPTV,1
YYSEYRNIYAQTDESNLYLSYDYYTWAERAYEWY,VPLPTTSTL,1
YYAEYRNIYAQTDESNLYWTYNLYTWAELAYTWY,VPLRFPAGSAA,1
YYAEYRNIYAQTDESNLYWTYNLYTWAVLAYTWY,VPLRFPAGSAA,1
YYAEYRNIYAQTDESNLYWTYNLYTWAVLAYLWY,VPLRFPAGSAA,1
YYAEYRNIYAQTDESNLYWTYNLYTWAELAYTWY,VPLRFPATAA,1
YYSEYRNIYAQTDESNLYLSYDYYTWAERAYEWY,VPLRPRVAL,1
YDSEYRNIFTNTDESNLYLSYNYYTWAVDAYTWY,VPLVRFLTL,1
YYATYRNIFTNTYESNLYIRYDFYTWAVLAYLWY,VPNANILVL,1
YYSEYRNIYAQTDESNLYLSYDYYTWAERAYEWY,VPNANLLVL,1
YYSEYRNIYAQTDESNLYLSYDYYTWAERAYEWY,VPNGSMTKAM,1
YYSEYRNIYAQTDESNLYLSYNYYTWAVDAYTWY,VPNGSMTKAM,1
YYSEYRNIYAQTDESNLYLSYDYYTWAERAYEWY,VPQEAVRAPL,1
YYSEYRNIYAQTDESNLYLSYDYYTWAERAYEWY,VPQKKSSSL,1
YYSEYRNIYAQTDESNLYLSYDYYTWAERAYEWY,VPRAPQVGL,1
YYAMYRNKVAQTDVDTLYIRYQDYTWAEWAYTWY,VPRAPSAGR,1
YYSEYRNIYAQTDESNLYLSYDYYTWAERAYEWY,VPRAPSLLRL,1
YYSEYRNIYAQTDESNLYLSYDYYTWAERAYEWY,VPRAVAVGA,1
YDSEYRNIFTNTDESNLYLSYNYYTWAVDAYTWY,VPREKRVL,1
YYSEYRNIYAQTDESNLYLSYDYYTWAERAYEWY,VPREVVLGV,1
YYSEYRNIYAQTDESNLYLSYDYYTWAERAYEWY,VPRGNRNLAL,1
YYSEYRNIYAQTDESNLYLSYDYYTWAERAYEWY,VPRKDVGNTL,1
YYSEYRNIYAQTDESNLYLSYNYYTWAVDAYTWY,VPRKDVGNTL,1
YYSEYRNIYAQTDESNLYLSYDYYTWAERAYEWY,VPRLAPLLL,1
YDSEYRNIFTNTDESNLYLSYNYYTWAVDAYTWY,VPRLKTLRV,1
YYAEYRNIYAQTDESNLYWTYNLYTWAELAYTWY,VPRLPGPSA,1
YYSEYRNIYAQTDESNLYLSYDYYTWAERAYEWY,VPRLQGSWETL,1
YYAEYRNIYAQTDESNLYWTYNLYTWAELAYTWY,VPRLTSTM(+15.99)A,1
YYSEYRNIYAQTDESNLYLSYDYYTWAERAYEWY,VPRPPSPGPA,1
YYSEYRNIYAQTDESNLYLSYDYYTWAERAYEWY,VPRPRGAGF,1
YYSEYRNIYAQTDESNLYLSYDYYTWAERAYEWY,VPRSSGSFL,1
YYSEYRNIYAQTDESNLYLSYDYYTWAERAYEWY,VPRVAAAAL,1
YFAMYQENMAHTDANTLYIIYRDYTWVARVYTWY,VPSLPSTDSTMKY,1
YYAEYRNIYAQTDESNLYWTYNLYTWAVLAYTWY,VPSPLRPPA,1
YYAEYRNIYAQTDESNLYWTYNLYTWAVLAYLWY,VPSPLRPPA,1
YYSEYRNIYAQTDESNLYLSYDYYTWAERAYEWY,VPSPRTLPL,1
YYAEYRNIYAQTDESNLYWTYNLYTWAELAYTWY,VPSRGVPGI,1
YYAEYRNIYAQTDESNLYWTYNLYTWAVLAYTWY,VPSRGVPGI,1
YYAEYRNIYAQTDESNLYWTYNLYTWAVLAYTWY,VPSSPLRAA,1
YYAEYRNIYAQTDESNLYWTYNLYTWAVLAYLWY,VPSSPLRAA,1
YYAEYRNIYAQTDESNLYWTYNLYTWAVLAYTWY,VPSSPLRAAA,1
YYAEYRNIYAQTDESNLYWTYNLYTWAVLAYLWY,VPSSPLRAAA,1
YYAEYRNIYAQTDESNLYWTYNLYTWAVLAYLWY,VPTEGVWRAA,1
YYAEYRNIYAQTDESNLYWTYNLYTWAELAYTWY,VPTRAAMRAA,1
YYATYRNIFTNTYESNLYIRYDSYTWAVLAYLWY,VPVEPAAA,1
YYATYRNIFTNTYENIAYIRYDSYTWAVLAYLWY,VPVESTGKW,1
YYAEYRNIYAQTDESNLYWTYNLYTWAELAYTWY,VPVGGGHAA,1
YYSEYRNIYAQTDESNLYLSYDYYTWAERAYEWY,VPVGPGRAA,1
YYAEYRNIYAQTDESNLYWTYNLYTWAELAYTWY,VPVHSPM(+15.99)AA,1
YYSEYRNIYAQTDESNLYLSYDYYTWAERAYEWY,VPVPRLLSL,1
YYATYRNIFTNTYESNLYIRYDFYTWAVLAYLWY,VPVQVAHEL,1
YYAEYRNIYAQTDESNLYWTYNLYTWAELAYTWY,VPWSLLPKA,1
YYAEYRNIYAQTDESNLYWTYNLYTWAVLAYTWY,VPWSLLPKA,1
YYAEYRNIYAQTDESNLYWTYNLYTWAELAYTWY,VPYNGSLFKA,1
YYATYRNIFTNTYENIAYWTYNYYTWAELAYLWH,VPYPTPAAL,1
YYATYRNIFTNTYENIAYWTYNYYTWAELAYLWH,VPYVHLVSM(+15.99),1
YYAMYREISTNTYESNLYLRYDSYTWAEWAYLWY,VQAPDQKSF,1
YFAMYQENVAHTDVDTLYIMYQDYTWAVLAYTWY,VQFGSVTKR,1
YYATYREISTNTYENIAYWTYNYYTWAELAYLWH,VQIHILLI,1
YYAMYRNNVAQTDVDTLYIIYRDYTWAELAYTWY,VQISPTLKS,1
YYAMYREISTNTYESNLYLRYDSYTWAEWAYLWY,VQKGGGVAL,1
YYAMYRNKVAQTDVDTLYIRYQDYTWAEWAYTWY,VQPARPAPV,1
YTAMYQENVAHIDVDTLYIMYQDYTWAVLAYTWY,VQQGWFFPR,1
YYAMYREISTNTYESNLYLRYDSYTWAEWAYLWY,VQRGSEITF,1
YYATYREISTNTYENIAYWTYNYYTWAELAYLWH,VQRILPVSI,1
YYTMYREISTNTYENTAYIRYNLYTWAVLAYEWY,VQVGSVVTV,1
YYSEYRNICTNTDESNLYLWYNFYTWAELAYTWH,VQVWRDVSL,1
YYSEYREISTNTYESNLYLRYDSYTWAELAYLWY,VQWGLERAPY,1
YYATYREISTNTYENIAYWTYNYYTWAELAYLWH,VQYAIKNI,1
YFAMYQENVAQTDVDTLYIIYRDYTWAELAYTWY,VQYAIKNIFK,1
YYAMYQENVAQTDVDTLYIIYRDYTWAAQAYRWY,VQYAIKNIFK,1
YFAMYQENVAHTDVDTLYIMYQDYTWAVLAYTWY,VQYAIKNIFK,1
YYAMYQENVAQTDVDTLYIIYRDYTWAAQAYRWY,VQYALKNLFK,1
YFAMYGEKVAHTHVDTLYVRYHYYTWAVLAYTWY,VQYHGQHRV,1
YYATYREISTNTYENIAYWTYNYYTWAELAYLWH,VQYHGQHRV,1
YSAMYEEKVAHTDENIAYLMFHYYTWAVQAYTGY,VQYPDLALHW,1
YFAMYQENVAHTDESIAYIMYQDYTWAVLAYTWY,VREVRLVSY,1
YHTEYREICAKTDEDTLYLNYHDYTWAVLAYEWY,VRFFSVTSLTGQ,1
YHTEYREICTNTDEDTLYLNYHDYTWAVLAYEWY,VRFGLASLR,1
YHTEYREICAKTDEDTLYLNYHDYTWAVLAYEWY,VRFMKKNKL,1
YHTEYREICAKTDEDTLYLNYHDYTWAVLAYEWY,VRFQGPASF,1
YYSEYRNICTNTDESNLYLWYNFYTWAELAYTWH,VRINHHRPL,1
YHTEYREICTNTDEDTLYLNYHDYTWAVLAYEWY,VRKFPTLNL,1
YDSGYREKYRQADVSNLYLRSDSYTLAALAYTWY,VRKSLVVHL,1
YFAMYQENVAQTDVDTLYIIYRDYTWAVLAYTWY,VRLHSGPVTK,1
YYSEYRNICTNTDESNLYLWYNFYTWAELAYTWH,VRLIGHTQL,1
YHTEYREICAKTDESTLYLNYDYYTWAELAYEWY,VRLNHHRPL,1
YYATYGENMASTYENIAYIRYDSYTWAVLAYLWY,VRLSPIAKW,1
YDSGYREKYRQADVSNLYLRSDSYTLAALAYTWY,VRPGPPLTL,1
YYSEYRNICTNTDESNLYLWYNFYTWAELAYTWH,VRPVLPPAL,1
YHTEYREICTNTDEDTLYLNYHDYTWAVLAYEWY,VRSATLLKF,1
YYSEYRNICTNTDESNLYLWYNFYTWAELAYTWH,VRVEHRVL,1
YYSEYRNICTNTDESNLYLWYNFYTWAELAYTWH,VRVGVRGPL,1
YDSGYRENYRQADVSNLYLRYDSYTLAALAYTWY,VRVGVRGPL,1
YDSGYREKYRQADVSNLYLRSDSYTLAALAYTWY,VRVGVRGPL,1
YYSEYRNICTNTDESNLYLWYNFYTWAELAYTWH,VRWSRMSTA,1
YYAMYQENVAQTDVDTLYIIYRDYTWAAQAYRWY,VSAAAGPLR,1
YYAMYGENMASTYENIAYIVYDSYTWAVLAYLWY,VSAGARLQVW,1
YYAMYRNNVAQTDVDTLYIMYRDYTWAVWAYTWY,VSAPAGAAR,1
YDSEYRNIFTNTDESNLYLSYNYYTWAVDAYTWY,VSARPASL,1
YYAMYGENMASTYENIAYIVYDSYTWAVLAYLWY,VSARSLGSW,1
YYAMYGENMASTYENIAYIVYNYYTWAVLAYLWY,VSARSLGSW,1
YYATYGENMASTYENIAYIRYDSYTWAVLAYLWY,VSARSLGSW,1
YYATYGENMASTYENIAYIRYDSYTWAVLAYLWY,VSASLVQHPWLW,1
YYAGYREKYRQTDVNKLYLRYNFYTWAERAYTWY,VSDDHNGLL,1
YYAGYREKYRQTDVSNLYLRYNFYTWAERAYTWY,VSDDHNGLL,1
YFAMYQENMAHTDANTLYIIYRDYTWVARVYRGY,VSDEWENLKY,1
YFAMYQENMAHTDANTLYIIYRDYTWVARVYRGY,VSDHPALLY,1
YYAGYREKYRQTDVSNLYLRYNFYTWAERAYTWY,VSDLQPLAF,1
YYATYGENMASTYENIAYIRYDSYTWAVLAYLWY,VSDPEGSSRAEW,1
YFAMYQENMAHTDANTLYIIYRDYTWVARVYRGY,VSDPSFGLKY,1
YFAMYQENMAHTDANTLYIIYRDYTWVARVYRGY,VSDSKSSSLY,1
YYAGYREKYRQTDVNKLYLRYNFYTWAERAYTWY,VSEDPGPLL,1
YYAGYREKYRQTDVSNLYLRYNFYTWAERAYTWY,VSEDPGPLL,1
YYATYGENMASTYENIAYIRYDSYTWAVLAYLWY,VSEPHGALW,1
YYAMYQENVAQTDVDTLYIIYRDYTWAAQAYRWY,VSFEVRGLDTKK,1
YYAGYRENYRQTDVNKLYIRYDLYTWAELAYTWY,VSFFHFLRM,1
YYAGYREKYRQADVSNLYLWYDLYTWAEWAYTWY,VSFPAPLSL,1
YYAGYREKYRQTDVSNLYIRYDYYTWAELAYLWY,VSFPAPLSL,1
YYAGYRENYRQTDVNKLYIRYDLYTWAELAYTWY,VSFPAPLSL,1
YYAMYGENMASTYENIAYIVYNYYTWAVLAYLWY,VSFPPKLTW,1
YYATYGENMASTYENIAYIRYDSYTWAVLAYLWY,VSFRETYYY,1
YYAMYGENMASTYENIAYIVYDSYTWAVLAYLWY,VSFRSPSQGGDW,1
YYATYGENMASTYENIAYIRYDSYTWAVLAYLWY,VSFTELSRLLW,1
YYAGYREKYRQTDVSNLYLWYDSYTWAAQAYTWY,VSFVHSLSL,1
YSAMYQENVAQTDVDTLYIIYEHYTWAWLAYTWY,VSGNPRPFK,1
YYATYGENMASTYENIAYIRYDSYTWAVLAYLWY,VSGPDALTNRQW,1
YYAMYRENMASTYENIAYLRYHDYTWAELAYLWY,VSHGTRLLF,1
YYATYREISTNTYENIAYWTYNYYTWAELAYLWH,VSHLTSSV,1
YYSEYRNICTNTYESNLYLRYDYYTWAELAYLWY,VSHQAILL,1
YYAMYQENVAQTDVDTLYIIYRDYTWAAQAYRWY,VSISIFWKK,1
YYATYGENMASTYENIAYIRYDSYTWAVLAYLWY,VSLGRGGWVW,1
YYAMYQENVAQTDVDTLYIIYRDYTWAAQAYRWY,VSLGSQLNHFK,1
YYAMYGENMASTYENIAYIVYNYYTWAVLAYLWY,VSLQEQHLF,1
YYATYGENMASTYENIAYIRYDSYTWAVLAYLWY,VSLQEQHLF,1
YYATYGENMASTYENIAYIRYDSYTWAVLAYLWY,VSLSLPRDLPAW,1
YYAMYRNNVAQTDVDTLYIIYRDYTWAAQAYRWY,VSLSPPLVSK,1
YYAMYGENMASTYENIAYIVYNYYTWAVLAYLWY,VSLVLEKLF,1
YTAMYQENVAHIDVDTLYIMYQDYTWAVLAYTWY,VSMPRATFLGAPR,1
YYATYGENMASTYENIAYIRYDSYTWAVLAYLWY,VSMPRLPLW,1
YYAGYRENYRQTDVNKLYIRYDLYTWAELAYTWY,VSNLQIFSV,1
YYAMYGENMASTYENIAYIVYDSYTWAVLAYLWY,VSNLVSRAW,1
YYAGYRENYRQTDVNKLYIRYDLYTWAELAYTWY,VSNQSILRIQ,1
YFSGYREKYRQTDVSNLYLWCDYYTWAVRAYTWY,VSPGARPAL,1
YFAMYQENMAHTDANTLYIIYRDYTWVARVYRGY,VSQSKDSDVY,1
YYAMYQENVAQTDVDTLYIIYRDYTWAAQAYRWY,VSQTQVLPVK,1
YYAMYGENMASTYENIAYIVYDSYTWAVLAYLWY,VSRPSTSTSSEPCW,1
YFAMYGEKVAHTHVDTLYLRYHYYTWAVWAYTWY,VSRVLKSTV,1
YYATYGENMASTYENIAYIRYDSYTWAVLAYLWY,VSSGCLQHLW,1
YYAGYRENYRQTDVNKLYIRYDLYTWAELAYTWY,VSSGKMLML,1
YYATYGENMASTYENIAYIRYDSYTWAVLAYLWY,VSSPSACTSHHW,1
YTAMYQENVAHIDVDTLYIMYQDYTWAVLAYTWY,VSSSRSSYR,1
YYAMYREISTNTYESNLYLRYDSYTWAEWAYLWY,VSSTSSTRY,1
YTAMYRNNVAHIDVDTLYIMYQDYTWAVLAYTWH,VSSVPFSHR,1
YYAMYRNNVAQTDVDTLYIIYRDYTWAAQAYRWY,VSTDPQPLK,1
YYATYGENMASTYENIAYIRYDSYTWAVLAYLWY,VSTKLKTIW,1
YYATYGENMASTYENIAYIRYDSYTWAVLAYLWY,VSVAQAGVQW,1
YYATYGENMASTYENIAYIRYDSYTWAVLAYLWY,VSVLVASVGW,1
YYAGYREKYRQADVSNLYLRYDSYTWAEWAYTWY,VSVQPRQSL,1
YYATYGENMASTYENIAYIRYDSYTWAVLAYLWY,VSWGHLGAASW,1
YYAMYGENMASTYENIAYIVYDSYTWAVLAYLWY,VSWKEAPGLAGW,1
YYATYGENMASTYENIAYIRYDSYTWAVLAYLWY,VSWKEAPGLAGW,1
YYAMYGENMASTYENIAYIVYDSYTWAVLAYLWY,VSWKGRVATMW,1
YYATYGENMASTYENIAYIRYDSYTWAVLAYLWY,VSWRSPGAGESW,1
YYAMYGENMASTYENIAYIVYDSYTWAVLAYLWY,VSWRSPGAGESW,1
YYAMYRNNVAQTDVDTLYIMYRDYTWAVWAYTWY,VTAGLGPER,1
YYAMYGENMASTYENIAYIVYDSYTWAVLAYLWY,VTAHETRGWLW,1
YFAMYQENVAHTDVDTLYIMYQDYTWAVLAYTWY,VTAKPPAPR,1
YYAMYQENVAQTDVDTLYIIYRDYTWAAQAYRWY,VTALPALLK,1
YYAMYGENMASTYENIAYIVYDSYTWAVLAYLWY,VTAM(+15.99)DPGRAW,1
YYATYGENMASTYENIAYIRYDSYTWAVLAYLWY,VTAPSWRALLW,1
YFAMYQENVAQTDVDTLYIIYRDYTWAELAYTWY,VTASQTLSPR,1
YYAMYQENVAQTDVDTLYIIYRDYTWAAQAYRWY,VTDGLYLLLK,1
YFAMYQENMAHTDANTLYIIYRDYTWVARVYRGY,VTDSAGHLLY,1
YYAMYRNNVAQTDVDTLYIIYRDYTWAAQAYRWY,VTEAATFLK,1
YFAMYQENMAHTDANTLYIIYRDYTWVARVYTWY,VTEKVYADTGLY,1
YYAMYGENMASTYENIAYIVYNYYTWAVLAYLWY,VTEVDRQVTW,1
YYAMYQENVAQTDVDTLYIIYRDYTWAAQAYRWY,VTFNTLPSK,1
YYAMYGENMASTYENIAYIVYDSYTWAVLAYLWY,VTFYERGVSW,1
YYATYGENMASTYENIAYIRYDSYTWAVLAYLWY,VTFYERGVSW,1
YYAMYGENMASTYENIAYIVYDSYTWAVLAYLWY,VTGPHAAASTW,1
YYAMYQENVAQTDVDTLYIIYRDYTWAAQAYRWY,VTGQSLSWK,1
YYAMYRNNVAQTDVDTLYIMYRDYTWAVWAYTWY,VTHAAAARR,1
YYAMYGENMASTYENIAYIVYDSYTWAVLAYLWY,VTHKKIAVRW,1
YYAMYGENMASTYENIAYIVYNYYTWAVLAYLWY,VTHKKIAVRW,1
YYAMYQENVAQTDVDTLYIIYRDYTWAAQAYRWY,VTHLGSFSAK,1
YSAMYQENVAQTDVDTLYIIYEHYTWAWLAYTWY,VTHQPGPGL,1
YYAMYQENVAQTDVDTLYIIYRDYTWAAQAYRWY,VTIDTTQTK,1
YYAMYRENMASTYENIAYLRYHDYTWAELAYLWY,VTIKKRLIY,1
YYAMYQENVAQTDVDTLYIIYRDYTWAAQAYRWY,VTIVMHIYK,1
YYAMYRNNVAQTDVDTLYIIYRDYTWAAQAYRWY,VTLDFSLPK,1
YTAMYLQNVAQTDESIAYIMYRDYTWAVLAYTWY,VTLKVSSLF,1
YYAMYGENMASTYENIAYIVYNYYTWAVLAYLWY,VTLPLRVKF,1
YYAMYGENMASTYENIAYIVYNYYTWAVLAYLWY,VTLPVQQAW,1
YSAMYQENVAQTDVDTLYIIYEHYTWAWLAYTWY,VTLSQTRKMK,1
YYAMYRNNVAQTDVDTLYIIYRDYTWAAQAYRWY,VTLVMHLYK,1
YYAMYQENVAQTDVDTLYIIYRDYTWAAQAYRWY,VTMHVLVRK,1
YYAMYGENMASTYENIAYIVYNYYTWAVLAYLWY,VTMWLDKPW,1
YFAMYQENMAHTDANTLYIIYRDYTWVARVYRGY,VTPDPLSSGF,1
YYAGYREKYRQADVSNLYLWYDSYTWAEWAYTWY,VTPFNIKTW,1
YFAMYQENVAQTDVDTLYIIYRDYTWAELAYTWY,VTQTFHSQK,1
YSAMYQENVAQTDVDTLYIIYEHYTWAWLAYTWY,VTRGGPLVK,1
YTAMYRNNVAHIDVDTLYIMYQDYTWAVLAYTWH,VTRRIPAEAVR,1
YFAMYQENVAHTDVDTLYIMYQDYTWAVLAYTWY,VTRRIPAEAVR,1
YYAMYGENMASTYENIAYIVYDSYTWAVLAYLWY,VTRSSFLW,1
YYAMYGEKVAHTHVDTLYVRYHYYTWAVLAYTWY,VTSDHLKGLHVMVPDIVQINI,1
YYAMYRNNVAQTDVDTLYIMYRDYTWAVWAYTWY,VTSELFSVSR,1
YYAMYQENVAQTDVDTLYIIYRDYTWAAQAYRWY,VTSGSAFTK,1
YYAGYREKYRQTDVSNLYLWYDSYTWAAQAYTWY,VTSPAIRAL,1
YYAMYRNNVAQTDVDTLYIMYRDYTWAVWAYTWY,VTSPASKPR,1
YFAMYQENVAHTDESIAYIMYQDYTWAVLAYTWY,VTSPLSRSF,1
YYAGYREKYRQTDVSNLYLWYDSYTWAAQAYTWY,VTSPPRFAL,1
YYAMYQENVAQTDVDTLYIIYRDYTWAAQAYRWY,VTSRAGAGIYK,1
YYAMYQENVAQTDVDTLYIIYRDYTWAAQAYRWY,VTSRAGAGLYK,1
YYATYGENMASTYENIAYIRYDSYTWAVLAYLWY,VTSWNRVLW,1
YYAMYQENVAQTDVDTLYIIYRDYTWAAQAYRWY,VTTAFVAGK,1
YYAMYGENMASTYENIAYIVYNYYTWAVLAYLWY,VTTRHVLLW,1
YFAMYQENVAQTDVDTLYIIYRDYTWAVLAYTWY,VTTSRSVSK,1
YYAMYRNNVAQTDVDTLYIIYRDYTWAAQAYRWY,VTVSTPLC(+57.02)K,1
YYAMYQENVAQTDVDTLYIIYRDYTWAAQAYRWY,VTVSTPLCK,1
YYAMYGENMASTYENIAYIVYNYYTWAVLAYLWY,VTVTSGESW,1
YYAMYRNNVAQTDVDTLYIIYRDYTWAAQAYRWY,VTVTVPPNK,1
YYATYGENMASTYENIAYIRYDSYTWAVLAYLWY,VTWEAEGNKW,1
YYAMYGENMASTYENIAYIVYNYYTWAVLAYLWY,VTWKQENLF,1
YYATYGENMASTYENIAYIRYDSYTWAVLAYLWY,VTWLEKAEFW,1
YFAMYQENVAQTDVDTLYIIYRDYTWAELAYTWY,VTWNHMMHSK,1
YYAMYGENMASTYENIAYIVYDSYTWAVLAYLWY,VTWRVQPCMSW,1
YYAMYGENMASTYENIAYIVYNYYTWAVLAYLWY,VTYVFATTF,1
YFAMYQENVAQTDVDTLYIIYRDYTWAELAYTWY,VVAAVAPRK,1
YFAMYQENVAQTDVDTLYIIYRDYTWAELAYTWY,VVAPGPLKK,1
YFAMYQENVAQTDVDTLYIIYRDYTWAELAYTWY,VVASATRGK,1
YFAMYQENVAQTDVDTLYIIYRDYTWAELAYTWY,VVASWLVRK,1
YTAMYQENVAHIDVDTLYIMYQDYTWAVLAYTWY,VVAVLTVRIPR,1
YYAMYRNNVAQTDVDTLYIMYRDYTWAVWAYTWY,VVAVVRGLR,1
YYATYGENMASTYENIAYIRYDSYTWAVLAYLWY,VVAWDFLREW,1
YYAGYREKYRQTDVSNLYLRYNFYTWAERAYTWY,VVDGPGVEL,1
YYAMYQENVAQTDVDTLYIIYRDYTWAAQAYRWY,VVFKYTGLSK,1
YYATYGENMASTYENIAYIRYDSYTWAVLAYLWY,VVFLVTHLW,1
YYAMYGEKVAHTHVDTLYLRYHYYTWAVWAYTWY,VVFPERGLSIA,1
YTAMYQENVAHIDVDTLYIMYQDYTWAVLAYTWY,VVFPGRGLSLALR,1
YDSGYREKYRQADVNKLYLWYDSYTWAEWAYTWY,VVFSGRGLSVM,1
YTAMYQENVAHIDVDTLYIMYQDYTWAVLAYTWY,VVFSGRGLSVMFR,1
YFAMYQENVAHTDVDTLYIMYQDYTWAVLAYTWY,VVFSGRGLSVMFR,1
YYAMYRNNVAQTDVDTLYIIYRDYTWAAQAYRWY,VVFSNSVKK,1
YTAMYQENVAHIDVDTLYIMYQDYTWAVLAYTWY,VVGLPRSFR,1
YYAMYRNKVAQTDVDTLYIRYQDYTWAEWAYTWY,VVGPRSIPR,1
YFAMYQENVAQTDVDTLYIIYRDYTWAELAYTWY,VVGSLLALK,1
YYAMYQENVAQTDVDTLYIIYRDYTWAAQAYRWY,VVGVTSQLK,1
YYAMYQENVAQTDVDTLYIIYRDYTWAAQAYRWY,VVHGGMSIFLK,1
YFAMYQENVAQTDVDTLYIIYRDYTWAELAYTWY,VVHVSTSQK,1
YTAMYLQNVAQTDANTLYIMYRDYTWAVLAYTWY,VVIDPAQLYVY,1
YYAGYREKYRQADVSNLYLRYDSYTWAEWAYTWY,VVIDPAQLYVY,1
YFAMYQENVAQTDVDTLYIIYRDYTWAELAYTWY,VVISRAISVK,1
YYAMYQENVAQTDVDTLYIIYRDYTWAAQAYRWY,VVISRAISVK,1
YYAMYREISTNTYESNLYLRYDSYTWAEWAYLWY,VVKEPETQY,1
YTAMYQENVAHIDVDTLYIMYQDYTWAVLAYTWY,VVLAKTTKR,1
YYAMYQENVAQTDVDTLYIIYRDYTWAAQAYRWY,VVLASARNLK,1
YFAMYQENVAQTDVDTLYIIYRDYTWAVLAYTWY,VVLDKGSVK,1
YYATYGENMASTYENIAYIRYDSYTWAVLAYLWY,VVLEDHYFW,1
YYAMYGENMASTYENIAYIVYNYYTWAVLAYLWY,VVLHFTPVW,1
YFAMYQENVAQTDVDTLYIIYRDYTWAELAYTWY,VVLHPPRPPK,1
YTAMYQENVAHIDVDTLYIMYQDYTWAVLAYTWY,VVLNTVVYR,1
YTAMYQENVAHIDVDTLYIMYQDYTWAVLAYTWY,VVLPIVITLR,1
YDSEYRNIFTNTDESNLYLSYNYYTWAVDAYTWY,VVLSKLRAL,1
YFAMYQENVAQTDVDTLYIIYRDYTWAELAYTWY,VVLSRALSVK,1
YFAMYQENVAQTDVDTLYIIYRDYTWAELAYTWY,VVLVPLQNK,1
YFAMYQENVAQTDVDTLYIIYRDYTWAVLAYTWY,VVMEWAGVK,1
YYAMYRNNVAQTDVDTLYIIYRDYTWAAQAYRWY,VVMPGFLVR,1
YFAMYQENVAQTDVDTLYIIYRDYTWAELAYTWY,VVNPRVQVGK,1
YYAMYQENVAQTDVDTLYIIYRDYTWAAQAYRWY,VVQAVVPAR,1
YFAMYQENVAQTDVDTLYIIYRDYTWAELAYTWY,VVQPHQLGFK,1
YFAMYQENVAQTDVDTLYIIYRDYTWAELAYTWY,VVRARPLRR,1
YFAMYQENVAQTDVDTLYIIYRDYTWAELAYTWY,VVRASSGLK,1
YDSEYRNIFTNTDESNLYLSYNYYTWAVDAYTWY,VVRPRLTAA,1
YYAMYRNNVAQTDVDTLYIIYRDYTWAAQAYRWY,VVSGATGAK,1
YFAMYQENVAQTDVDTLYIIYRDYTWAELAYTWY,VVSPASSGK,1
YFAMYQENVAQTDVDTLYIIYRDYTWAELAYTWY,VVSRPLTHR,1
YFAMYQENVAQTDVDTLYIIYRDYTWAELAYTWY,VVSTKLAYK,1
YSAMYQENVAHTDENTLYIIYEHYTWARLAYTWY,VVTIVMHIYK,1
YYAMYGEKVAHTHVDTLYVRYHYYTWAVLAYTWY,VVTKVNKEV,1
YYAMYRNNVAQTDVDTLYIIYRDYTWAAQAYRWY,VVTM(+15.99)PVVRK,1
YYAMYRNNVAHTDESIAYIRYQDYTWAEWAYRWY,VVTPFNIKTW,1
YYAMYGENMASTYENIAYIVYDSYTWAVLAYLWY,VVTPFNIKTW,1
YTAMYQENVAHIDVDTLYIMYQDYTWAVLAYTWY,VVVGSGLSR,1
YYAMYRNNVAQTDVDTLYIMYRDYTWAVWAYTWY,VVVVATVGR,1
YFAMYQENVAQTDVDTLYIIYRDYTWAELAYTWY,VVWEPAWAAK,1
YFAMYQENVAHTDESIAYIMYQDYTWAVLAYTWY,VVWKYLKEW,1
YYAMYGENMASTYENIAYIVYNYYTWAVLAYLWY,VVWVAPPLSTW,1
YFAMYQENVAQTDVDTLYIIYRDYTWAVLAYTWY,VVYLQSSLNK,1
YTAMYQENVAHIDVDTLYIMYQDYTWAVLAYTWY,VVYRWHSTR,1
YTAMYRNNVAHIDVDTLYIMYQDYTWAVLAYTWH,VVYRWHSTR,1
YFAMYQENVAHTDVDTLYIMYQDYTWAVLAYTWY,VVYRWHSTR,1
YYSEYRNIYAQTDESNLYLSYDYYTWAEDAYEWY,VVYRWHSTRTL,1
YFAMYQENVAQTDVDTLYIIYRDYTWAELAYTWY,VVYSKTVGH,1
YFAMYQENVAQTDVDTLYIIYRDYTWAELAYTWY,VVYYKPLVY,1
YSAMYEEKVAHTDENIAYLMFHYYTWAVQAYTGY,VWDPLLPVF,1
YSAMYEEKVAHTDENIAYLMFHYYTWAVQAYTGY,VWDPRVSVL,1
YSAMYEEKVAHTDENIAYLMFHYYTWAVQAYTGY,VWLTASEDPLKF,1
YSAMYEEKVAHTDENIAYLMFHYYTWAVLAYTGY,VYAASRNISIWRF,1
YSAMYEEKVAHTDENIAYLMFHYYTWAVQAYTGY,VYAASRNISIWRF,1
YDSGYREKYRQADVSNLYFRYDFYTLAADAYTWY,VYAELTRGL,1
YSAMYEEKVAHTDENIAYLMFHYYTWAVQAYTGY,VYANWLHLL,1
YSAMYEEKVAHTDENIAYLMFHYYTWAVQAYTGY,VYAPVLTKL,1
YSAMYEEKVAHTDENIAYLMFHYYTWAVQAYTGY,VYAYYFQSKF,1
YSAMYEEKVAHTDENIAYLMFHYYTWAVQAYTGY,VYDVTQHAV,1
YSAMYEEKVAHTDENIAYLMFHYYTWAVQAYTGY,VYFKDVFNHF,1
YSAMYEEKVAHTDENIAYLMFHYYTWAVQAYTGY,VYFLPTARF,1
YSAMYEEKVAHTDENIAYLMFHYYTWAVQAYTGY,VYFRFTNTASF,1
YSAMYEEKVAHTDENIAYLMFHYYTWAVLAYTGY,VYFTDFKKSEF,1
YSAMYEEKVAHTDENIAYLMFHYYTWAVQAYTGY,VYFTDFKKSEF,1
YSAMYEEKVAQTDENIAYLMFHYYTWAVQAYTGY,VYGNKFYYL,1
YSAMYEEKVAHTDENIAYLMFHYYTWAVQAYTGY,VYGVVNQFL,1
YSAMYEEKVAHTDENIAYLMFHYYTWAVLAYTGY,VYHWFLPSL,1
YSAMYEEKVAHTDENIAYLMFHYYTWAVQAYTGY,VYHWFLPSL,1
YSAMYEEKVAHTDENIAYLMFHYYTWAVQAYTGY,VYIQKEIFTNW,1
YSAMYEEKVAHTDENIAYLMFHYYTWAVQAYTGY,VYKPVSLYL,1
YSAMYEEKVAHTDENIAYLMFHYYTWAVQAYTGY,VYLASSFKL,1
YSAMYEEKVAHTDENIAYLMFHYYTWAVLAYTGY,VYLETARPIPF,1
YSAMYEEKVAHTDENIAYLMFHYYTWAVQAYTGY,VYLETARPIPF,1
YSAMYEEKVAQTDENIAYLMFHYYTWAVQAYTGY,VYLETARPIPF,1
YSAGYREKYRQTDVSNLYLWFDSYTWAERAYTWY,VYLETARPIPF,1
YSAMYEEKVAHTDENIAYLMFHYYTWAVQAYTGY,VYLGLVKSF,1
YSAMYEEKVAHTDENIAYLMFHYYTWAVQAYTGY,VYLKEALGL,1
YSAMYEEKVAHTDENIAYLMFHYYTWAVQAYTGY,VYLKWAQIL,1
YSAMYEEKVAHTDENIAYLMFHYYTWAVQAYTGY,VYLLHPHLL,1
YSAMYEEKVAHTDENIAYLMFHYYTWAVQAYTGY,VYLM(+15.99)LKM(+15.99)SL,1
YSAMYEEKVAHTDENIAYLMFHYYTWAVLAYTGY,VYLMLKMSL,1
YSAGYREKYRQTDVSNLYLWFDSYTWAERAYTWY,VYLMLKMSL,1
YSAMYEEKVAHTDENIAYLMFHYYTWAVQAYTGY,VYLPAAKTF,1
YSAMYEEKVAHTDENIAYLMFHYYTWAVQAYTGY,VYLPEAGHL,1
YSAGYREKYRQTDVSNLYLWFDSYTWAERAYTWY,VYLPEAGHL,1
YSAMYEEKVAHTDENIAYLMFHYYTWAVLAYTGY,VYLPGRGQTL,1
YSAMYEEKVAHTDENIAYLMFHYYTWAVQAYTGY,VYLQDLDTF,1
YSAMYEEKVAHTDENIAYLMFHYYTWAVQAYTGY,VYLQLVPEL,1
YSAMYEEKVAHTDENIAYLMFHYYTWAVLAYTGY,VYLSPALMLHI,1
YSAMYEEKVAHTDENIAYLMFHYYTWAVQAYTGY,VYLSPALMLHI,1
YSAMYEEKVAQTDENIAYLMFHYYTWAVQAYTGY,VYLSPALMLHI,1
YSAMYEEKVAHTDENIAYLMFHYYTWAVLAYTGY,VYLTDKTVL,1
YSAGYREKYRQTDVSNLYLWFDSYTWAERAYTWY,VYLVSRLTL,1
YTAMYLQNVAQTDANTLYIMYRDYTWAVLAYTWY,VYM(+15.99)ATTLKY,1
YTAMYLQNVAQTDANTLYIMYRDYTWAVLAYTWY,VYMATTLKY,1
YDSGYREKYRQADVNKLYLWYDSYTWAEWAYTWY,VYMVVSRHL,1
YSAMYEEKVAHTDENIAYLMFHYYTWAVQAYTGY,VYRPCTSPGRFF,1
YTAMYQENVAHIDVDTLYIMYQDYTWAVLAYTWY,VYSSALKLR,1
YSAMYEEKVAHTDENIAYLMFHYYTWAVQAYTGY,VYSSPWHSF,1
YSAMYEEKVAHTDENIAYLMFHYYTWAVQAYTGY,VYVKHQRNL,1
YSAMYEEKVAHTDENIAYLMFHYYTWAVLAYTGY,VYVKHQRNL,1
YSAMYEEKVAHTDENIAYLMFHYYTWAVLAYTGY,VYVQRGSEITF,1
YSAMYEEKVAHTDENIAYLMFHYYTWAVQAYTGY,VYVQRGSEITF,1
YSAMYEEKVAHTDENIAYLMFHYYTWAVQAYTGY,VYYKLPALW,1
YYAMYRNNVAQTDVDTLYIMYRDYTWAVWAYTWY,WAAESPGRR,1
YYAGYREKYRQADVSNLYLWYDLYTWAEWAYTWY,WAAPFPKLL,1
YYSEYRNIYAQTDESNLYLSYDYYTWAERAYEWY,WAAPSRPPL,1
YYSEYRNIYAQTDESNLYLSYDYYTWAEDAYEWY,WAAPSRPPL,1
YYSEYRNIYAQTDESNLYLSYNYYTWAVDAYTWY,WAAPSRPPL,1
YYAGYREKYRQTDVSNLYLRYDSYTWAELAYLWY,WAAPSRPPL,1
YYAGYREKYRQTDVSNLYIRYDYYTWAELAYLWY,WAAPSRPPL,1
YYAGYREKYRQTDVSNLYLWYDSYTWAAQAYTWY,WAAPSRPPL,1
YYAMYRNNVAQTDVDTLYIMYRDYTWAVWAYTWY,WAASASLPR,1
YYATYRNIFTNTYENIAYIRYDSYTWAVLAYLWY,WADGERLW,1
YYATYGENMASTYENIAYIRYDSYTWAVLAYLWY,WALAWPRPW,1
YTAMYRNNVAHIDVDTLYIMYQDYTWAVLAYTWY,WARTGSSFQAR,1
YYAGYREKYRQTDVNKLYLRYDSYTWAEWAYEWY,WASERLWVA,1
YYAGYREKYRQTDVSNLYLWYDSYTWAAQAYTWY,WASERLWVA,1
YYATYGENMASTYENIAYIRYDSYTWAVLAYLWY,WASGPSYLW,1
YYAMYRNNVAQTDVDTLYIIYRDYTWAELAYTWY,WASVASPVK,1
YYAMYRNNVAQTDVDTLYIRYQDYTWAEWAYRWY,WATDASSNR,1
YYAMYRNNVAQTDVDTLYIRYQDYTWAEWAYRWY,WAVPKRWMR,1
YYTKYREISTNTYENTAYIRYDDYTWAVDAYLSY,WEAAVGRPW,1
YYTKYREISTNTYENTAYIRYDDYTWAVLAYLSY,WEAAVGRPW,1
YYATYRNIFTNTYENIAYWTYNYYTWAELAYLWH,WETPVVPLL,1
YDSEYRNIFTNTDESNLYLSYNYYTWAVDAYTWY,WFKKSLEI,1
YFSGYREKYRQTDVSNLYLWCDYYTWAERAYTWY,WFQETQSPL,1
YSAGYREKYRQTDVSNLYLWFDSYTWAERAYTWY,WFQETQSPL,1
YYSEYRNICTNTYESNLYLRYDYYTWAELAYLWY,WHADATSAF,1
YYSEYRNICTNTYENTAYLRYNFYTWAVLTYTWY,WHADATSAF,1
YYSEYRNICTNTYESNLYLRYDYYTWAELAYLWY,WHDEPHEL,1
YYSEYRNICTNTYESNLYLRYDYYTWAELAYLWY,WHGPPHPQLP,1
YYSEYRNICTNTYENIAYLRYNFYTWAVLTYTWY,WHHDSEAETL,1
YYSEYRNICTNTYESNLYLRYDYYTWAELAYLWY,WHSPSRNPA,1
YSAMYQENVAQTDVDTLYIIYEHYTWAWLAYTWY,WKRLIILK,1
YYAMYRNNVAQTDVDTLYIMYRDYTWAVWAYTWY,WLFGGSEER,1
YFAMYGEKVAHTHVDTLYVRYHYYTWAEWAYTWY,WLKERMYLV,1
YDSEYRNIFTNTDESNLYLSYNYYTWAVDAYTWY,WLLKRHVVF,1
YFAMYGEKVAHTHVDTLYVMYHYYTWAVLAYTWY,WLLSRPFVL,1
YFAMYGEKVAHTHVDTLYVRYHYYTWAEWAYTWY,WLMPGLSAL,1
YFAMYGEKVAHTHVDTLYVRYHYYTWAVLAYTWY,WLMPVMPAL,1
YYAMYRNISTNTYESNLYIRYDSYTWAELAYLWY,WMKEQTLEM,1
YDSEYRNIFTNTDESNLYLSYNYYTWAVDAYTWY,WNVERFSIM,1
YYATYRNIFTNTYESNLYIRYDFYTWAVLAYLWY,WPAHPDLEA,1
YYSEYRNIYAQTDESNLYLSYDYYTWAERAYEWY,WPALPAGGL,1
YYSEYRNIYAQTDESNLYLSYDYYTWAERAYEWY,WPCGPSRSL,1
YYAGYRNIYAQTDESNLYWTYNLYTWAVLAYTWY,WPFSEPGFPA,1
YYATYRNIFTNTYESNLYIRYDFYTWAVLAYLWY,WPGPGPLL,1
YYATYRNIFTNTYENIAYIRYDSYTWAVLAYLWY,WPGPGPLL,1
YYAEYRNIYAQTDESNLYWTYNLYTWAVLAYTWY,WPHDPPPSA,1
YYAEYRNIYAQTDESNLYWTYNLYTWAVLAYLWY,WPHDPPPSA,1
YYSEYRNIYAQTDESNLYLSYDYYTWAERAYEWY,WPRGESAYEGRGSL,1
YDSEYRNIFTNTDESNLYLSYNYYTWAVDAYTWY,WPRGKLLRL,1
YYATYRNIFTNTYESNLYIRYDFYTWAVLAYLWY,WPTVKGDDL,1
YYAMYREISTNTYENIAYLRYDSYTWAEWAYLWY,WQKGPSSGY,1
YYAMYREISTNTYESNLYLRYDSYTWAEWAYLWY,WQLDPDEKITY,1
YYAMYREISTNTYESNLYWTYDSYTWAEWAYLWY,WQQGLRVSF,1
YYTMYREISTNTYENTAYIRYNLYTWAVLAYEWY,WQSTASQKI,1
YDSGYREKYRQADVSNLYLRSDSYTLAALAYTWY,WRHQGVGAL,1
YYATYGENMASTYENIAYIRYDSYTWAVLAYLWY,WRSWGEGVGGR,1
YHTEYREICAKTDEDTLYLNYHDYTWAVLAYEWY,WRTELQLSK,1
YYAMYRNNVAQTDVDTLYIMYRDYTWAVWAYTWY,WSAPEPSAPR,1
YYATYGENMASTYENIAYIRYDSYTWAVLAYLWY,WSLPSGRLW,1
YYATYGENMASTYENIAYIRYDSYTWAVLAYLWY,WSMPRVFTPTW,1
YYATYGENMASTYENIAYIRYDSYTWAVLAYLWY,WSQAEALHSW,1
YYAMYRNNVAQTDVDTLYIMYRDYTWAVWAYTWY,WSTELNVSR,1
YYAMYRNNVAQTDVDTLYIRYQDYTWAEWAYRWY,WSVQGSGNR,1
YYAMYRNNVAQTDVDTLYIRYQDYTWAEWAYRWY,WTGESSHWR,1
YYAMYRNNVAQTDVDTLYIRYQDYTWAEWAYRWY,WTISAGYVR,1
YYAMYRNNVAQTDVDTLYIMYRDYTWAVWAYTWY,WTLSSPPFYR,1
YYAMYRNNVAQTDVDTLYIMYRDYTWAVWAYTWY,WTSKVTYPK,1
YYATYGENMASTYENIAYIRYDSYTWAVLAYLWY,WTSPQRSGLYW,1
YYAMYRNNVAQTDVDTLYIIYRDYTWAELAYTWY,WTSSRFLWK,1
YYAMYRNNVAQTDVDTLYIMYRDYTWAVWAYTWY,WTSTGSSRR,1
YFAMYQENVAQTDVDTLYIIYRDYTWAELAYTWY,WTYSHILTPK,1
YYAMYRNNVAQTDVDTLYIIYRDYTWAELAYTWY,WTYSHILTPK,1
YYAMYRNNVAQTDVDTLYIMYRDYTWAVWAYTWY,WVGGATTGR,1
YYAMYRNNVAHTDANTLYIRYQDYTWAEWAYRWY,YAAGKYVSF,1
YYSEYRNICTNTDESNLYLWYNFYTWAELAYTWH,YAAGKYVSF,1
YYAGYREKYRQTDVSNLYLRYNFYTWAERAYTWY,YAAGKYVSF,1
YYAGYREKYRQADVSNLYLWYDSYTWAEWAYTWY,YAAGKYVSF,1
YYAGYREKYRQTDVSNLYLWYDSYTWAAQAYTWY,YAALQLAF,1
YYATYRNIFTNTYENIAYWTYNYYTWAELAYLWH,YAFDGTQRV,1
YYAMYREKYRQTDVSNLYLRYDSYTWAEWAYLWY,YAFGYSRHTPF,1
YYAGYREKYRQTDVSNLYIRYDYYTWAELAYLWY,YAFGYSRHTPF,1
YYATYGENMASTYENIAYIRYDSYTWAVLAYLWY,YAFPVRTQPVLW,1
YYAMYRNNVAQTDVDTLYIMYRDYTWAVWAYTWY,YAGVERPVSR,1
YYAGYREKYRQTDVSNLYLRYDSYTWAELAYLWY,YAIWSKTTL,1
YYAGYREKYRQTDVSNLYIRYDYYTWAELAYLWY,YAIWSKTTL,1
YTAMYRNNVAHIDVDTLYIMYQDYTWAVLAYTWY,YAKIGTTQR,1
YYAMYRNNVAQTDVDTLYIRYQDYTWAEWAYRWY,YAKIGTTQR,1
YYAGYREKYRQTDVNKLYLRYDSYTWAEWAYEWY,YALPKTHQL,1
YYAGYREKYRQTDVSNLYLRYDSYTWAELAYLWY,YALPKTHQL,1
YYAGYREKYRQTDVSNLYIRYDYYTWAELAYLWY,YALPKTHQL,1
YYAGYREKYRQTDVSNLYLRYNFYTWATLAYTWY,YALPKTHQL,1
YYAGYREKYRQTDVSNLYLRYDSYTWAELAYLWY,YALTKMLAL,1
YYAGYREKYRQTDVSNLYIRYDYYTWAELAYLWY,YALTKMLAL,1
YYAMYRNKVAQTDVDTLYIRYQDYTWAEWAYTWY,YASLESHVR,1
YYAMYRNNVAQTDVDTLYIRYQDYTWAEWAYRWY,YASLESHVR,1
YYAMYRNNVAQTDVDTLYIMYRDYTWAVWAYTWY,YATTALALHR,1
YYAMYRNNVAQTDVDTLYIRYQDYTWAEWAYRWY,YAVQTAAER,1
YYAGYREKYRQADVSNLYLWYDLYTWAEWAYTWY,YAWPSLRYL,1
YYATYRNIFTNTYENIAYWTYNYYTWAELAYLWH,YAYGKTGKV,1
YYSEYRNICTNTYENIAYLRYNFYTWAVLTYTWY,YEDSLALLL,1
YYAMYQENVAQTDVDTLYIIYRDYTWAAQAYRWY,YEELQTLAGK,1
YFAMYQENMAHTDANTLYIIYRDYTWVARVYTWY,YEELQTLAGK,1
YHTKYREISTNTYENIAYWRYNLYTWAELAYLWY,YEEQRPSEV,1
YHTKYREISTNTYENIAYWRYNLYTWAELAYLWY,YEISHPGV,1
YHTKYREISTNTYESKLYWRYNYYTWAVDAYTWY,YELLLGKAT,1
YHSTYRNISTNTYESNLYLRYDSYTWAVLAYTWH,YELLLGKATLY,1
YHTKYREISTNTYESNLYLRYNYYSLAVLAYEWY,YELPVLRAA,1
YSAGYREKYRQTDVSNLYLWFDSYTWAERAYTWY,YFFSLFASSL,1
YYAGYREKYRQADVSNLYLWYDSYTWAEWAYTWY,YFQNRVSNY,1
YSAGYREKYRQTDVSNLYLWFDSYTWAERAYTWY,YFQNRVSNY,1
YYAGYREKYRQTDVSNLYLWYDSYTWAAQAYTWY,YFQNRVSNY,1
YDSEYRNIFTNTDESNLYLSYNYYTWAVDAYTWY,YFRVKMQAL,1
YDSGYREKYRQADVNKLYLWYDSYTWAEWAYTWY,YFVPHTKRY,1
YYAGYREKYRQADVSNLYLWYDSYTWAEWAYTWY,YFVPHTKRY,1
YSAGYREKYRQTDVSNLYLWFDSYTWAERAYTWY,YFVPHTKRY,1
YYAGYREKYRQTDVSNLYLWYDSYTWAAQAYTWY,YFVPHTKRY,1
YDSEYRNIFTNTDESNLYLSYNYYTWAVDAYTWY,YGCERTQAL,1
YYAMYQENVAQTDVDTLYIIYRDYTWAAQAYRWY,YGGRILK,1
YDSEYRNIFTNTDESNLYLSYNYYTWAVDAYTWY,YGKGRELEL,1
YDSEYRNIFTNTDESNLYLSYNYYTWAVDAYTWY,YGLPRVVAV,1
YYAMYGENMASTYENIAYIVYDSYTWAVLAYLWY,YGWRLGKLW,1
YYSEYRNICTNTYESNLYLRYDYYTWAELAYLWY,YHAGVSELL,1
YYSEYRNICTNTYENIAYLRYNFYTWAVLTYTWY,YHAGVSELL,1
YYSEYRNICTNTYENTAYLRYNFYTWAVLTYTWY,YHAGVSELL,1
YYSEYRNICTNTDESNLYLRYNFYTWAVLTYTWY,YHAPDTALSTL,1
YYSEYRNICTNTYESNLYLRYDYYTWAELAYLWY,YHAPDTALSTL,1
YYSEYRNICTNTYENIAYLRYNFYTWAVLTYTWY,YHAPDTALSTL,1
YYSEYRNICTNTYENTAYLRYNFYTWAVLTYTWY,YHAPDTALSTL,1
YYSEYRNICTNTYENTAYLRYNFYTWAVLTYTWY,YHSELIVWF,1
YYSEYRNICTNTYENIAYLRYNFYTWAVLTYTWY,YHSESGSQF,1
YYSEYRNICTNTYESNLYLRYDYYTWAELAYLWY,YHSNPVSTL,1
YYSEYRNICTNTYESNLYLRYDYYTWAELAYLWY,YHSNPVSTLL,1
YYSEYRNICTNTYENIAYLRYNFYTWAVLTYTWY,YHTVSAHKI,1
YYAMYRNKVAQTDVDTLYIRYQDYTWAEWAYTWY,YIHLTRHPRR,1
YDSEYRNIFTNTDESNLYLSYNYYTWAVDAYTWY,YIHQKKHSL,1
YYAMYRNISTNTYESNLYIRYDSYTWAELAYLWY,YIKLQEAPF,1
YYAGYREKYRQADVSNLYLRYDSYTWAEWAYTWY,YIKLQEAPF,1
YYAMYRNNVAQTDVDTLYIIYRDYTWAELAYTWY,YINISSPGK,1
YYAMYGEKVAHTHVDTLYVRYHYYTWAVLAYTWY,YISFELKPV,1
YDSEYRNIFTNTDESNLYLSYNYYTWAVDAYTWY,YLATKFMPI,1
YFAMYGEKVAHTHVDTLYVRYHYYTWAVLAYTWY,YLDPAQQNL,1
YFAMYGEKVAHTHVDTLYVRCHYYTWAVLAYTWY,YLDPAQQNL,1
YFAMYQENMAHTDANTLYIIYRDYTWVARVYRGY,YLDPAQQNLY,1
YFAMYGEKVAHTHVDTLYVRCHYYTWAVLAYTWY,YLDQVYREI,1
YFAMYQENMAHTDANTLYIIYRDYTWVARVYRGY,YLDSTRQLY,1
YFAMYQENMAHTDANTLYIIYRDYTWVARVYRGY,YLDTAQKNLY,1
YFAMYQENMAHTDANTLYIIYRDYTWVARVYRGY,YLEMGHDLTRLFY,1
YFAMYQENMAHTDANTLYIIYRDYTWVARVYRGY,YLEPNASNMKY,1
YFAMYGEKVAHTHVDTLYVRYHYYTWAVLAYTWY,YLFDKMLHL,1
YFAMYGEKVAHTHVDTLYVRYHYYTWAVLAYTWY,YLGDSHVLL,1
YDSEYRNIFTNTDESNLYLSYNYYTWAVDAYTWY,YLGM(+15.99)RLQSL,1
YFAMYGEKVAHTHVDTLYVRCHYYTWAVLAYTWY,YLHMKNLFL,1
YFAMYGEKVAHTHVDTLYVRYHYYTWAVLAYTWY,YLHPHRLPL,1
YYAMYRNISTNTYESNLYIRYDSYTWAELAYLWY,YLHPHRLPL,1
YYSEYRNIYAQTDESNLYLSYNYYTWAVDAYTWY,YLHPHRLPL,1
YFSGYREKYRQTDVSNLYLWCDYYTWAERAYTWY,YLHPHRLPL,1
YYAGYREKYRQTDVSNLYLRYDSYTWAELAYLWY,YLHPHRLPL,1
YYAGYREKYRQTDVSNLYIRYDYYTWAELAYLWY,YLHPHRLPL,1
YSAGYREKYRQADVNKLYLRFNFYTWAERAYTWY,YLHPHRLPL,1
YSAGYREKYRQTDVSNLYLWFDSYTWAERAYTWY,YLHPHRLPL,1
YYAGYREKYRQTDVSNLYLWYDSYTWAAQAYTWY,YLHPHRLPL,1
YDSGYREKYRQADVNKLYLWYDSYTWAEWAYTWY,YLHQKKHSL,1
YFAMYGEKVAHTHVDTLYVRYHYYTWAVLAYTWY,YLHSESPSV,1
YFAMYQENVAQTDVDTLYIIYRDYTWAELAYTWY,YLHSGLERK,1
YFAMYGEKVAHTHVDTLYVRYHYYTWAVLAYTWY,YLIERSNLPL,1
YFAMYGEKVAHTHVDTLYLRYHYYTWAVWAYTWY,YLIERSNLPL,1
YFSGYREKYRQTDVSNLYLWCDYYTWAERAYTWY,YLIERSNLPL,1
YYAGYREKYRQTDVSNLYIRYDYYTWAELAYLWY,YLIERSNLPL,1
YTAMYLQNVAQTDANTLYIMYRDYTWAVLAYTWY,YLISPESGNYLY,1
YDSEYRNIFTNTDESNLYLSYNYYTWAVDAYTWY,YLKKKNREL,1
YYAMYRNISTNTYESNLYIRYDSYTWAELAYLWY,YLKLQEAPF,1
YSAMYGEKVAHTDENTLYIIYEHYTWARLAYTWY,YLKTLQLHY,1
YDSEYRNIFTNTDESNLYLSYNYYTWAVDAYTWY,YLKWAQIL,1
YFAMYGEKVAHTHVDTLYVRCHYYTWAVLAYTWY,YLLERSNLPL,1
YTAMYLQNVAQTDANTLYIMYRDYTWAVLAYTWY,YLLHGQPLR,1
YYAMYRNNVAHTDANTLYIRYQDYTWAEWAYRWY,YLLPLVVRY,1
YDSEYRNIFTNTDESNLYLSYNYYTWAVDAYTWY,YLLVRKWL,1
YFAMYGEKVAHTHVDTLYVRYHYYTWAVLAYTWY,YLLVVLSKL,1
YYATYGENMASTYENIAYIRYDSYTWAVLAYLWY,YLM(+15.99)KLMMRW,1
YDSEYRNIFTNTDESNLYLSYNYYTWAVDAYTWY,YLMLKM(+15.99)SL,1
YDSEYRNIFTNTDESNLYLSYNYYTWAVDAYTWY,YLNVKNCTL,1
YFAMYQENVAQTDVDTLYIIYRDYTWAELAYTWY,YLNVVSTPK,1
YFAMYGEKVAHTHVDTLYVRCHYYTWAVLAYTWY,YLPKLELML,1
YYAGYREKYRQTDVNKLYLRYDSYTWAEWAYEWY,YLPQLLHSL,1
YDSEYRNIFTNTDESNLYLSYNYYTWAVDAYTWY,YLPRSPGL,1
YTAMYLQNVAQTDANTLYIMYRDYTWAVLAYTWY,YLPVIPRLYY,1
YFAMYGEKVAHTHVDTLYVRYHYYTWAVLAYTWY,YLQELHHNL,1
YFAMYGEKVAHTHVDTLYLRYHYYTWAVWAYTWY,YLQELHHNL,1
YFAMYGEKVAHIDVDTLYVRYHYYTWAVLAYTWY,YLQELHHNL,1
YSAMYEEKVAHTDENIAYLMFHYYTWAVQAYTGY,YLRVQLIKI,1
YYAMYRNISTNTYESNLYIRYDSYTWAELAYLWY,YLSGPTKPY,1
YFAMYQENVAQTDVDTLYIIYRDYTWAELAYTWY,YLSPPFHFK,1
YFAMYGEKVAHTHVDTLYVRYHYYTWAVLAYTWY,YLSRYTLVL,1
YYAMYQENVAQTDVDTLYIIYRDYTWAAQAYRWY,YLSTPFLSK,1
YFAMYQENMAHTDANTLYIIYRDYTWVARVYTWY,YLSTPFLSK,1
YDSEYRNIFTNTDESNLYLSYNYYTWAVDAYTWY,YLTDKTVL,1
YFAMYGEKVAHTHVDTLYVRYHYYTWAVLAYTWY,YLVEPSIVLLL,1
YFAMYGEKVAHTHVDTLYVRCHYYTWAVLAYTWY,YLWARLMEL,1
YFAMYGEKVAHTHVDTLYVRYHYYTWAVLAYTWY,YLWTGPCTI,1
YFAMYGEKVAHTHVDTLYVRYHYYTWAVLAYTWY,YLYDKKVKT,1
YFAMYGEKVAHTHVDTLYVRYHYYTWAVLAYTWY,YLYEDEVRL,1
YFAMYQENVAQTDVDTLYIIYRDYTWAELAYTWY,YLYKEQMTPK,1
YFAMYQENVAQTDVDTLYIIYRDYTWAELAYTWY,YLYVGTLLK,1
YYAMYRNISTNTYESNLYIRYDSYTWAELAYLWY,YLYWGNLAY,1
YFAMYQENVAQTDVDTLYIIYRDYTWAELAYTWY,YLYWGNLAYK,1
YTAMYQENVAHIDVDTLYIMYQDYTWAVLAYTWY,YM(+15.99)M(+15.99)QLLVNR,1
YDSEYRNIFTNTDESNLYLSYNYYTWAVDAYTWY,YMKEKLLF,1
YYSEYRNICTNTDESNLYWTYNFYTWAVLTYTWY,YNLHLPAA,1
YYAGYRNIYAQTDESNLYWTYNLYTWAVLAYTWY,YPAGSQGGLVAA,1
YYAEYRNIYAQTDESNLYWTYNLYTWAVLAYTWY,YPAGSQGGLVAA,1
YYAEYRNIYAQTDESNLYWTYNLYTWAVLAYLWY,YPAGSQGGLVAA,1
YYATYRNIFTNTYESNLYIRYDSYTWAVLAYLWY,YPAPERLQEY,1
YYSEYRNIYAQTDESNLYLSYDYYTWAERAYEWY,YPASPHQVQL,1
YYATYRNIFTNTYESNLYIRYDFYTWAVLAYLWY,YPEESQYFL,1
YYATYRNIFTNTYESNLYIRYDFYTWAVLAYLWY,YPEGLGEVL,1
YYSEYRNIYAQTDESNLYLSYNYYTWAVDAYTWY,YPEGLGEVL,1
YYATYRNIFTNTYESNLYIRYDSYTWAVLAYLWY,YPEGLGEVLY,1
YYATYRNIFTNTYENIAYIRYDSYTWAVLAYLWY,YPEGLGEVLY,1
YYATYRNIFTNTYENIAYIRYDSYTWAVLAYLWY,YPEGNASLSGQNGW,1
YYATYRNIFTNTYESNLYIRYDFYTWAVLAYLWY,YPFQGNTVL,1
YYATYRNIFTNTYENIAYWTYNYYTWAELAYLWH,YPHPRWLTL,1
YFAMYQENMAHTDANTLYIIYRDYTWVARVYTWY,YPIANTLKY,1
YYAEYRNIYAQTDESNLYWTYNLYTWAELAYTWY,YPLPVRSSP,1
YYAEYRNIYAQTDESNLYWTYNLYTWAVLAYLWY,YPLPVRSSP,1
YYATYRNIFTNTYESNLYIRYDFYTWAVLAYLWY,YPLSDHEATL,1
YYSEYRNIYAQTDESNLYLSYDYYTWAERAYEWY,YPM(+15.99)GSPASTPRPL,1
YYSEYRNIYAQTDESNLYLSYNYYTWAVDAYTWY,YPMELKEDRVL,1
YYSEYRNIYAQTDESNLYLSYDYYTWAERAYEWY,YPRLLLSSL,1
YYSEYRNIYAQTDESNLYLSYDYYTWAERAYEWY,YPRPSSPTTM,1
YYSEYRNIYAQTDESNLYLSYDYYTWAERAYEWY,YPRRFSTLL,1
YYATYRNIFTNTYESNLYIRYDFYTWAVLAYLWY,YPSLGHVC(+57.02)M,1
YYATYRNIFTNTYESNLYIRYDFYTWAVLAYLWY,YPSPGGTTL,1
YYSEYRNIYAQTDESNLYLSYDYYTWAERAYEWY,YPSPRRSGTV,1
YDSEYRNIFTNTDESNLYLSYNYYTWAVDAYTWY,YPTVRSSVL,1
YDSEYRNIFTNTDESNLYLSYNYYTWAVDAYTWY,YPVTRWVL,1
YYATYRNIFTNTYESNLYIRYDFYTWAVLAYLWY,YPVVEIREL,1
YYAGYRNIYAQTDESNLYWTYNLYTWAVLAYTWY,YPWEVQVVP,1
YYATYRNIFTNTYENIAYWTYNYYTWAELAYLWH,YPYFTTGEEI,1
YSAGYREKYRQTDVSNLYLWFDSYTWAERAYTWY,YPYFTTGEEL,1
YFAMYQENVAQTDVDTLYIIYRDYTWAVLAYTWY,YQATLQLLK,1
YYAMYREISTNTYESNLYLRYDSYTWAEWAYLWY,YQFSIATSKGTF,1
YYAMYREISTNTYESNLYLRYDSYTWAEWAYLWY,YQQKPGQAL,1
YYSEYRNICTNTDESNLYLRYNFYTWAVLTYTWY,YRALSLAGL,1
YHTEYREICAKTDEDTLYLNYHDYTWAVLAYEWY,YRFDLSSKY,1
YHTEYREICAKTDEDTLYLNYHDYTWAVLAYEWY,YRFHPRDYL,1
YHTEYREICTNTDEDTLYLNYHDYTWAVLAYEWY,YRFLTLRTR,1
YDSGYREKYRQADVSNLYLRSDSYTLAALAYTWY,YRFSQAFGY,1
YYSEYRNICTNTDESNLYLRYNFYTWAVLTYTWY,YRGGDPPPPL,1
YYSEYRNICTNTDESNLYLWYNFYTWAELAYTWH,YRIMQRKGL,1
YYSEYRNICTNTDESNLYLRYNFYTWAVLTYTWY,YRLLPGPSA,1
YHTEYREICAKTDEDTLYLNYHDYTWAVLAYEWY,YRLSVEHPK,1
YYSEYRNICTNTDESNLYLWYNFYTWAELAYTWH,YRWHSTRTL,1
YDSGYREKYRQADVSNLYLRSDSYTLAALAYTWY,YRWHSTRTL,1
YFAMYQENMAHTDANTLYIIYRDYTWVARVYRGY,YSDQQFAQLKY,1
YYATYGENMASTYENIAYIRYDSYTWAVLAYLWY,YSFTSYWLHW,1
YYAGYREKYRQTDVSNLYIRYDYYTWAELAYLWY,YSLDFPRVL,1
YDSGYREKYRQADVNKLYLWYDSYTWAEWAYTWY,YSLDFPRVL,1
YYAGYREKYRQADVSNLYLWYDSYTWAEWAYTWY,YSLDFPRVL,1
YYAGYRENYRQTDVNKLYIRYDLYTWAELAYTWY,YSLDFPRVL,1
YYAGYREKYRQTDVSNLYLWYDSYTWAAQAYTWY,YSLDFPRVL,1
YYATYGENMASTYENIAYIRYDSYTWAVLAYLWY,YSLKDSNGDLLHLW,1
YYATYGENMASTYENIAYIRYDSYTWAVLAYLWY,YSLNDTNGRHW,1
YSAMYEEKVAHTDENIAYLMFHYYTWAVQAYTGY,YSLSLQILF,1
YYAGYREKYRQADVSNLYLRYDSYTWAEWAYTWY,YSNGLQHPL,1
YYAGYREKYRQTDVSNLYIRYDYYTWAELAYLWY,YSNGLQHPL,1
YYAGYREKYRQTDVSNLYLRYNFYTWATLAYTWY,YSNGLQHPL,1
YFSGYREKYRQTDVSNLYLWCDYYTWAERAYTWY,YSPSAFSKL,1
YYAMYGENMASTYENIAYIVYDSYTWAVLAYLWY,YSRPSVLPGW,1
YFAMYQENMAHTDANTLYIIYRDYTWVARVYRGY,YSSELWDLY,1
YTAMYLQNVAQTDANTLYIMYRDYTWAVLAYTWY,YSSSRKVTY,1
YYAGYREKYRQTDVSNLYLWYDSYTWAAQAYTWY,YSTSRLLTF,1
YYAMYRNNVAQTDVDTLYIRYQDYTWAEWAYRWY,YSVDPHLRGGR,1
YYAMYRENMASTYENIAYLRYHDYTWAELAYLWY,YSVNWQEKL,1
YYATYGENMASTYENIAYIRYDSYTWAVLAYLWY,YSVPQAGVQW,1
YYAMYRNNVAQTDVDTLYIMYRDYTWAVWAYTWY,YSWELGLPR,1
YFAMYQENMAHTDANTLYIIYRDYTWVARVYRGY,YSYLIKVPDQFVQY,1
YYAMYGENMASTYENIAYIVYNYYTWAVLAYLWY,YSYSVLKLF,1
YYAGYREKYRQTDVNKLYLRYDSYTWAEWAYEWY,YTADHGHVY,1
YTAMYRNNVAHIDVDTLYIMYQDYTWAVLAYTWY,YTATSPTPR,1
YYAMYRNNVAQTDVDTLYIRYQDYTWAEWAYRWY,YTATSPTPR,1
YFAMYQENMAHTDANTLYIIYRDYTWVARVYRGY,YTDEQNSSTTY,1
YFAMYQENMAHTDANTLYIIYRDYTWVARVYRGY,YTDRLLYKY,1
YFAMYQENMAHTDANTLYIIYRDYTWVARVYRGY,YTDSVLGKLFW,1
YYAMYQENVAQTDVDTLYIIYRDYTWAAQAYRWY,YTLDQTYAK,1
YYAMYRNNVAQTDVDTLYIIYRDYTWAELAYTWY,YTLDQTYAK,1
YTAMYRNNVAHIDVDTLYIMYQDYTWAVLAYTWH,YTLQITTPR,1
YTAMYRNNVAHIDVDTLYIMYQDYTWAVLAYTWY,YTLQITTPR,1
YYAMYRNNVAQTDVDTLYIRYQDYTWAEWAYRWY,YTLQITTPR,1
YFAMYGEKVAHTHVDTLYVMYHYYTWAVLAYTWY,YTLRKVFML,1
YFAMYQENMAHTDANTLYIIYRDYTWVARVYRGY,YTSRCQPSY,1
YYAGYREKYRQTDVSNLYLWYDSYTWAAQAYTWY,YTTIPRSNY,1
YYAMYGENMASTYENIAYIVYNYYTWAVLAYLWY,YTVRPPTFSW,1
YFAMYQENMAHTDANTLYIIYRDYTWVARVYRGY,YVDPDHVKVRY,1
YYAMYRNKVAQTDVDTLYIRYQDYTWAEWAYTWY,YVFGIQAPTGLR,1
YYAMYRNNVAQTDVDTLYIMYRDYTWAVWAYTWY,YVFGIQAPTGLR,1
YYAMYRNNVAQTDVDTLYIMYRDYTWAVWAYTWY,YVFGLQAPTGLR,1
YFAMYQENVAQTDVDTLYIIYRDYTWAELAYTWY,YVFGSGLSK,1
YYAMYRNNVAQTDVDTLYIMYRDYTWAVWAYTWY,YVFPTLLPSR,1
YDSGYREKYRQADVNKLYLWYDSYTWAEWAYTWY,YVFQRVRWL,1
YYSEYRNIYAQTDESNLYLSYDYYTWAERAYEWY,YVGPTRLEL,1
YYAGYREKYRQTDVSNLYIRYDYYTWAELAYLWY,YVGPTRLEL,1
YDSGYREKYRQADVNKLYLWYDSYTWAEWAYTWY,YVGPTRLEL,1
YYAMYRNNVAQTDVDTLYIIYRDYTWAELAYTWY,YVKSVLKGK,1
YSAMYQENVAQTDVDTLYIIYEHYTWAWLAYTWY,YVKSVLKGK,1
YTAMYRNNVAHIDVDTLYIMYQDYTWAVLAYTWY,YVKSVLKGK,1
YFAMYGEKVAHIDVDTLYVRYHYYTWAVLAYTWY,YVLFLKHRI,1
YDSEYRNIFTNTDESNLYLSYNYYTWAVDAYTWY,YVNEKRYPL,1
YYAGYREKYRQTDVSNLYLRYDSYTWAELAYLWY,YVNPISLKF,1
YDSEYRNIFTNTDESNLYLSYNYYTWAVDAYTWY,YVNYRHLAL,1
YYAGYREKYRQTDVNKLYLRYDSYTWAEWAYEWY,YVPDVTRGY,1
YTAMYRNNVAHIDVDTLYIMYQDYTWAVLAYTWY,YVQYQNVPR,1
YYAMYRNNVAQTDVDTLYIIYRDYTWAELAYTWY,YVSAPAVVK,1
YYAGYREKYRQTDVSNLYLRYDSYTWAELAYLWY,YVYRFSQAF,1
YSAMYEEKVAHTDENIAYLMFHYYTWAVQAYTWY,YWRPDQKPF,1
YYAMYREKYRQTDVSNLYLRYDSYTWAEWAYLWY,YWRPDQKPF,1
YYAGYREKYRQTDVSNLYLRYDSYTWAELAYLWY,YWRPDQKPF,1
YYAGYREKYRQTDVSNLYLWYDSYTWAAQAYTWY,YYADSVK,1
YSAGYREKYRQTDVSNLYLWFDSYTWAERAYTWY,YYISASRFW,1
YSAMYEEKVAHTDENIAYLMFHYYTWAVQAYTGY,YYLLTTKFW,1
YSAMYEEKVAHTDENIAYLMFHYYTWAVQAYTGY,YYSAHFKGF,1
YSAMYEEKVAHTDENIAYLMFHYYTWAVLAYTGY,YYSLSLQILFKE,1
